Handle,Title,Body (HTML),Vendor,Product Category,Type,Tags,Published,Option1 Name,Option1 Value,Option2 Name,Option2 Value,Option3 Name,Option3 Value,Variant SKU,Variant Grams,Variant Inventory Tracker,Variant Inventory Qty,Variant Inventory Policy,Variant Fulfillment Service,Variant Price,Variant Compare At Price,Variant Requires Shipping,Variant Taxable,Variant Barcode,Image Src,Image Position,Image Alt Text,Gift Card,SEO Title,SEO Description,Google Shopping / Google Product Category,Google Shopping / Gender,Google Shopping / Age Group,Google Shopping / MPN,Google Shopping / Condition,Google Shopping / Custom Product,Google Shopping / Custom Label 0,Google Shopping / Custom Label 1,Google Shopping / Custom Label 2,Google Shopping / Custom Label 3,Google Shopping / Custom Label 4,Variant Image,Variant Weight Unit,Variant Tax Code,Cost per item,Included / United States,Included / Australia,Price / Australia,Compare At Price / Australia,Included / Canada,Price / Canada,Compare At Price / Canada,Included / India,Price / India,Compare At Price / India,Included / International,Price / International,Compare At Price / International,Included / United Kingdom,Price / United Kingdom,Compare At Price / United Kingdom,Status
12-cup-glass-carafe,12-cup Glass Carafe,"Power-600 Watt: For optimal brewing temperature. Capacity-600 ml: Make upto 6 cups of coffee at a time
Anti-Drip Function: Ensures safety &amp; cleanliness during operation",Budan,,Machine,"",true,Material,Steel,,,,,1120550231151,0.0,shopify,0,deny,manual,630.00,,true,true,"",https://cdn.shopify.com/s/files/1/0700/3193/3753/products/1_16de447b-edc1-4998-bf54-68c01bb9dc90.png?v=1672655173,1,,false,,,,,,,,,,,,,,https://cdn.shopify.com/s/files/1/0700/3193/3753/products/1_16de447b-edc1-4998-bf54-68c01bb9dc90.png?v=1672655173,kg,,,true,true,,,true,,,true,,,true,,,true,,,active
12-cup-glass-carafe,,,,,,,,,,,,,,,,,,,,,,,,,https://cdn.shopify.com/s/files/1/0700/3193/3753/products/2_d9770c2d-62bf-47ef-a2b0-77108f725fab.png?v=1672655173,2,,,,,,,,,,,,,,,,,,,,,,,,,,,,,,,,,,,,
12-cup-glass-carafe,,,,,,,,,,,,,,,,,,,,,,,,,https://cdn.shopify.com/s/files/1/0700/3193/3753/products/3_1ed954db-fb49-410c-86ce-8a1a14955e84.png?v=1672655173,3,,,,,,,,,,,,,,,,,,,,,,,,,,,,,,,,,,,,
adventure-reusable-vacuum-quencher-tumbler,Adventure Reusable Vacuum Quencher Tumbler,"Keep your favorite beverage hot, cold, or iced for hours thanks to the Adventure Quencher’s double-wall vacuum insulation. A rotating lid on this stainless steel tumbler gives you the choice of a straw opening, a wide mouth, and a full-cover top to prevent spills.",Coffee WorkDo,,Mugs,"",true,Color,Blue,,,,,1140550231151,0.0,shopify,48,deny,manual,298.00,,true,true,"",https://cdn.shopify.com/s/files/1/0700/3193/3753/products/1_321efa3e-7e61-4572-a351-77927b3888f6.png?v=1672656648,1,,false,,,,,,,,,,,,,,https://cdn.shopify.com/s/files/1/0700/3193/3753/products/1_321efa3e-7e61-4572-a351-77927b3888f6.png?v=1672656648,kg,,,true,true,,,true,,,true,,,true,,,true,,,active
adventure-reusable-vacuum-quencher-tumbler,,,,,,,,,Pink,,,,,1140550231152,0.0,shopify,96,deny,manual,256.00,,true,true,"",https://cdn.shopify.com/s/files/1/0700/3193/3753/products/2_1d661365-8dbc-4e7b-a584-fac86432e9bb.png?v=1672656648,2,,,,,,,,,,,,,,,,https://cdn.shopify.com/s/files/1/0700/3193/3753/products/2_1d661365-8dbc-4e7b-a584-fac86432e9bb.png?v=1672656648,kg,,,,,,,,,,,,,,,,,,,
adventure-reusable-vacuum-quencher-tumbler,,,,,,,,,Black,,,,,1140550231153,0.0,shopify,78,deny,manual,248.00,,true,true,"",https://cdn.shopify.com/s/files/1/0700/3193/3753/products/3_5ff61860-5ef5-4440-8386-c6cbd06f7f74.png?v=1672656648,3,,,,,,,,,,,,,,,,https://cdn.shopify.com/s/files/1/0700/3193/3753/products/3_5ff61860-5ef5-4440-8386-c6cbd06f7f74.png?v=1672656648,kg,,,,,,,,,,,,,,,,,,,
aluminium-grinder,Aluminium Grinder,"Coated burr, by crushing and grinding, achieves the finely grounds easily. With over 400 clicks setting, each click shifting by 8.8 microns, you would absolutely have 100% precision control fine or extremely fine for Turkish coffee.",1Zpresso,,Grinder,"",true,Color,Black,,,,,1140550231123,0.0,shopify,56,deny,manual,632.00,680.00,true,true,"",https://cdn.shopify.com/s/files/1/0700/3193/3753/products/1_8d6f5b34-8b95-45ba-9a0d-13fe80af5912.png?v=1672658416,1,,false,,,,,,,,,,,,,,https://cdn.shopify.com/s/files/1/0700/3193/3753/products/1_8d6f5b34-8b95-45ba-9a0d-13fe80af5912.png?v=1672658416,kg,,,true,true,,,true,,,true,,,true,,,true,,,active
aluminium-grinder,,,,,,,,,Yellow,,,,,1140550231124,0.0,shopify,85,deny,manual,642.00,680.00,true,true,"",https://cdn.shopify.com/s/files/1/0700/3193/3753/products/3_beab1f02-33e8-49cd-bd8b-0d9e7d0e674b.png?v=1672658419,2,,,,,,,,,,,,,,,,https://cdn.shopify.com/s/files/1/0700/3193/3753/products/3_beab1f02-33e8-49cd-bd8b-0d9e7d0e674b.png?v=1672658419,kg,,,,,,,,,,,,,,,,,,,
aluminium-grinder,,,,,,,,,Green,,,,,1140550231125,0.0,shopify,96,deny,manual,563.00,680.00,true,true,"",https://cdn.shopify.com/s/files/1/0700/3193/3753/products/4_1218b576-f518-4a51-827a-4713d16c72e5.png?v=1672658419,3,,,,,,,,,,,,,,,,https://cdn.shopify.com/s/files/1/0700/3193/3753/products/5_11eed407-5e25-4d1f-a6c0-65d3922370bf.png?v=1672658419,kg,,,,,,,,,,,,,,,,,,,
aluminium-grinder,,,,,,,,,Grey,,,,,1140550231126,0.0,shopify,56,deny,manual,600.00,680.00,true,true,"",https://cdn.shopify.com/s/files/1/0700/3193/3753/products/5_11eed407-5e25-4d1f-a6c0-65d3922370bf.png?v=1672658419,4,,,,,,,,,,,,,,,,https://cdn.shopify.com/s/files/1/0700/3193/3753/products/7_8a7228c2-69a1-4488-bd7e-3d05ff0c9ab7.png?v=1672658419,kg,,,,,,,,,,,,,,,,,,,
aluminium-grinder,,,,,,,,,,,,,,,,,,,,,,,,,https://cdn.shopify.com/s/files/1/0700/3193/3753/products/6_2b3e52bf-bc1d-45e8-8786-73a2ed2dc1bd.png?v=1672658419,5,,,,,,,,,,,,,,,,,,,,,,,,,,,,,,,,,,,,
aluminium-grinder,,,,,,,,,,,,,,,,,,,,,,,,,https://cdn.shopify.com/s/files/1/0700/3193/3753/products/7_8a7228c2-69a1-4488-bd7e-3d05ff0c9ab7.png?v=1672658419,6,,,,,,,,,,,,,,,,,,,,,,,,,,,,,,,,,,,,
aluminium-grinder,,,,,,,,,,,,,,,,,,,,,,,,,https://cdn.shopify.com/s/files/1/0700/3193/3753/products/8_5a318e5b-860e-4d7d-9e5c-f0eb2bcade7b.png?v=1672658419,7,,,,,,,,,,,,,,,,,,,,,,,,,,,,,,,,,,,,
aluminium-grinder,,,,,,,,,,,,,,,,,,,,,,,,,https://cdn.shopify.com/s/files/1/0700/3193/3753/products/2_7163f708-86d9-4033-b224-a15648b413d7.png?v=1672658419,8,,,,,,,,,,,,,,,,,,,,,,,,,,,,,,,,,,,,
baratza-sette-30-grinder,BARATZA SETTE 30 GRINDER,"SPECIALTY COFFEE ASSOCIATION AWARD WINNING GRINDERS - Baratza grinders are preferred by coffee professionals and backed by Baratza’s world-class support. GO-TO ENTRY LEVEL GRINDER - Baratza’s best-selling grinder, with its small footprint, is THE choice for brewing coffee at home. Available in White and Black.",1Zpresso,,Grinder,"",true,Material,Steel,,,,,1140550231110,0.0,shopify,0,deny,manual,476.00,,true,true,"",https://cdn.shopify.com/s/files/1/0700/3193/3753/products/20200701131600_182A7219-01-01_6ef32ab4-1a76-433f-988d-269329f6167b_600x-removebg-preview.png?v=1672658915,1,,false,,,,,,,,,,,,,,,kg,,,true,true,,,true,,,true,,,true,,,true,,,active
baratza-sette-30-grinder,,,,,,,,,,,,,,,,,,,,,,,,,https://cdn.shopify.com/s/files/1/0700/3193/3753/products/2_600x-removebg-preview.png?v=1672658915,2,,,,,,,,,,,,,,,,,,,,,,,,,,,,,,,,,,,,
baratza-sette-30-grinder,,,,,,,,,,,,,,,,,,,,,,,,,https://cdn.shopify.com/s/files/1/0700/3193/3753/products/20200701134301_182A7229-01_11730095-46af-4461-b2ec-f37fdeb06ecd_600x-removebg-preview.png?v=1672658915,3,,,,,,,,,,,,,,,,,,,,,,,,,,,,,,,,,,,,
bean-envy-coffee-canister,Bean Envy Coffee Canister,"INSTANTLY TRANSPORT YOURSELF TO YOUR FAVORITE CAFÉ - Bean Envy’s airtight vacuum-sealed coffee canister is carefully crafted with rust-resistant stainless steel providing you with a lifetime of elegance and beauty in your kitchen. This is the perfect vault for storing whole or ground coffee beans, tea, flour, sugar, and more!",Bean,,Accessories,"",true,Color,Grey,,,,,1129550231103,0.0,shopify,53,deny,manual,560.00,600.00,true,true,"",https://cdn.shopify.com/s/files/1/0700/3193/3753/products/81Ae5UPtIUL._AC_SL1500_-removebg-preview.png?v=1672651238,1,,false,,,,,,,,,,,,,,https://cdn.shopify.com/s/files/1/0700/3193/3753/products/81Ae5UPtIUL._AC_SL1500_-removebg-preview.png?v=1672651238,kg,,,true,true,,,true,,,true,,,true,,,true,,,active
bean-envy-coffee-canister,,,,,,,,,White,,,,,1129550231104,0.0,shopify,75,deny,manual,500.00,600.00,true,true,"",https://cdn.shopify.com/s/files/1/0700/3193/3753/products/81bs0X2gDKL._AC_SL1500_-removebg-preview.png?v=1672651238,2,,,,,,,,,,,,,,,,https://cdn.shopify.com/s/files/1/0700/3193/3753/products/81bs0X2gDKL._AC_SL1500_-removebg-preview.png?v=1672651238,kg,,,,,,,,,,,,,,,,,,,
bean-envy-coffee-canister,,,,,,,,,Red,,,,,1129550231105,0.0,shopify,89,deny,manual,557.00,600.00,true,true,"",https://cdn.shopify.com/s/files/1/0700/3193/3753/products/81sXoTLhrFL._AC_SL1500_-removebg-preview.png?v=1672651238,3,,,,,,,,,,,,,,,,https://cdn.shopify.com/s/files/1/0700/3193/3753/products/81sXoTLhrFL._AC_SL1500_-removebg-preview.png?v=1672651238,kg,,,,,,,,,,,,,,,,,,,
bean-envy-coffee-canister,,,,,,,,,Blue,,,,,1129550231106,0.0,shopify,90,deny,manual,510.00,600.00,true,true,"",https://cdn.shopify.com/s/files/1/0700/3193/3753/products/81uLF_m5qDL._AC_SL1500_-removebg-preview.png?v=1672651238,4,,,,,,,,,,,,,,,,https://cdn.shopify.com/s/files/1/0700/3193/3753/products/81uLF_m5qDL._AC_SL1500_-removebg-preview.png?v=1672651238,kg,,,,,,,,,,,,,,,,,,,
beaten-caffe-strong,Beaten Caffe Strong,"RICH, CREAMY COFFEE, EVERYTIME - A rich, creamy, frothy coffee experience with Sunbean Beaten Caffe. The thick beaten coffee paste gives you your preferred cup of whipped coffee every time vs. your plain instant coffee powder",Sunbean,,Coffee,"",true,Material,Creamy,,,,,1129550231136,0.0,shopify,56,deny,manual,250.00,350.00,true,true,"",https://cdn.shopify.com/s/files/1/0700/3193/3753/products/714PCxd0VrL._SL1500_-removebg-preview.png?v=1672644511,1,,false,,,,,,,,,,,,,,https://cdn.shopify.com/s/files/1/0700/3193/3753/products/714PCxd0VrL._SL1500_-removebg-preview.png?v=1672644511,kg,,,true,true,,,true,,,true,,,true,,,true,,,active
beaten-caffe-strong,,,,,,,,,Strong,,,,,1129550231137,0.0,shopify,80,deny,manual,300.00,350.00,true,true,"",https://cdn.shopify.com/s/files/1/0700/3193/3753/products/71w1BVZQhhL._SL1500_-removebg-preview.png?v=1672644511,2,,,,,,,,,,,,,,,,https://cdn.shopify.com/s/files/1/0700/3193/3753/products/71w1BVZQhhL._SL1500_-removebg-preview.png?v=1672644511,kg,,,,,,,,,,,,,,,,,,,
beaten-caffe-strong,,,,,,,,,,,,,,,,,,,,,,,,,https://cdn.shopify.com/s/files/1/0700/3193/3753/products/71OqcN8586L._SL1500_-removebg-preview.png?v=1672644512,3,,,,,,,,,,,,,,,,,,,,,,,,,,,,,,,,,,,,
beaten-caffe-strong,,,,,,,,,,,,,,,,,,,,,,,,,https://cdn.shopify.com/s/files/1/0700/3193/3753/products/71vwND6WX9L._SL1500_-removebg-preview.png?v=1672644512,4,,,,,,,,,,,,,,,,,,,,,,,,,,,,,,,,,,,,
bialetti-moka-lovers-collection-black-3-cups,Bialetti Moka Lovers Collection Black 3 Cups,"Brand Bialetti- Made in Italy. Moka Induction Coffee Maker is suitable for induction (suitable for all hobs- Induction and Gas stove). Bi-layer technology for perfect coffee: the outer steel layer of the boiler ensures operation even on induction hobs, while the internal aluminum layer ensures even heat distribution",Coffee WorkDo,,Mugs,"",true,Color,Red,,,,,1129550231112,0.0,shopify,59,deny,manual,450.00,,true,true,"",https://cdn.shopify.com/s/files/1/0700/3193/3753/products/CWBIILCRD03-removebg-preview.png?v=1672656985,1,,false,,,,,,,,,,,,,,https://cdn.shopify.com/s/files/1/0700/3193/3753/products/CWBIILCRD03-removebg-preview.png?v=1672656985,kg,,,true,true,,,true,,,true,,,true,,,true,,,active
bialetti-moka-lovers-collection-black-3-cups,,,,,,,,,Black,,,,,1129550231113,0.0,shopify,26,deny,manual,426.00,,true,true,"",https://cdn.shopify.com/s/files/1/0700/3193/3753/products/nera-removebg-preview.png?v=1672656986,2,,,,,,,,,,,,,,,,https://cdn.shopify.com/s/files/1/0700/3193/3753/products/nera-removebg-preview.png?v=1672656986,kg,,,,,,,,,,,,,,,,,,,
bialetti-moka-lovers-collection-black-3-cups,,,,,,,,,,,,,,,,,,,,,,,,,https://cdn.shopify.com/s/files/1/0700/3193/3753/products/Zubehoer-Melitta-Thermobecher-Manchester-United-250ml-6766920-removebg-preview.png?v=1672656986,3,,,,,,,,,,,,,,,,,,,,,,,,,,,,,,,,,,,,
bialetti-moka-lovers-collection-black-3-cups,,,,,,,,,,,,,,,,,,,,,,,,,https://cdn.shopify.com/s/files/1/0700/3193/3753/products/1_6fe25b17-cf73-4e56-a9b6-44a32282bf9c.png?v=1672656986,4,,,,,,,,,,,,,,,,,,,,,,,,,,,,,,,,,,,,
burr-coffee-grinder,Burr Coffee Grinder,"effortless grinding: its compact size and ergonomic design make it easier to grind any type of beans. the inner circular design of jar makes all grounds out with no residuals.
italian metal-burr set: the precision-cut hardened &amp; tempered steel burrs have sharp edge-holding capabilities (edge retention); thus, beans are cut not crushed",1Zpresso,,Grinder,"",true,Color,Red,,,,,1129550231181,0.0,shopify,82,deny,manual,356.00,400.00,true,true,"",https://cdn.shopify.com/s/files/1/0700/3193/3753/products/1_f9e82651-1554-4bdc-a3bd-a8f8d1c454eb.png?v=1672658975,1,,false,,,,,,,,,,,,,,https://cdn.shopify.com/s/files/1/0700/3193/3753/products/1_f9e82651-1554-4bdc-a3bd-a8f8d1c454eb.png?v=1672658975,kg,,,true,true,,,true,,,true,,,true,,,true,,,active
burr-coffee-grinder,,,,,,,,,Black,,,,,1129550231182,0.0,shopify,0,deny,manual,400.00,400.00,true,true,"",https://cdn.shopify.com/s/files/1/0700/3193/3753/products/2_311706f9-e87b-48b7-802d-806d7d1b4a3c.png?v=1672658976,2,,,,,,,,,,,,,,,,https://cdn.shopify.com/s/files/1/0700/3193/3753/products/2_311706f9-e87b-48b7-802d-806d7d1b4a3c.png?v=1672658976,kg,,,,,,,,,,,,,,,,,,,
burr-coffee-grinder,,,,,,,,,,,,,,,,,,,,,,,,,https://cdn.shopify.com/s/files/1/0700/3193/3753/products/3_bc239164-106c-4f0a-84ee-e9cdd633dbb3.png?v=1672658976,3,,,,,,,,,,,,,,,,,,,,,,,,,,,,,,,,,,,,
classic-french-press,Classic French Press,Fine on a durable plunger to Mini ze the number of residual grounds.Made of pre um quality borosilicate glass and stainless steel material for a long-lasting time. Aesthetic design simple yet stylish offers a unique look to integrate with your home.,Benki,,Tools,"",true,Size,765 Grams,,,,,1129550231112,0.0,shopify,45,deny,manual,256.00,,true,true,"",https://cdn.shopify.com/s/files/1/0700/3193/3753/products/1_60927f68-e0c9-4a5f-bcbc-374e0cecc257.png?v=1672643296,1,,false,,,,,,,,,,,,,,https://cdn.shopify.com/s/files/1/0700/3193/3753/products/1_60927f68-e0c9-4a5f-bcbc-374e0cecc257.png?v=1672643296,kg,,,true,true,,,true,,,true,,,true,,,true,,,active
classic-french-press,,,,,,,,,900 Grams,,,,,1129550231113,0.0,shopify,78,deny,manual,300.00,,true,true,"",https://cdn.shopify.com/s/files/1/0700/3193/3753/products/2_e1c71fd1-f2bc-4753-a873-aad87b06fc48.png?v=1672643297,2,,,,,,,,,,,,,,,,https://cdn.shopify.com/s/files/1/0700/3193/3753/products/2_e1c71fd1-f2bc-4753-a873-aad87b06fc48.png?v=1672643297,kg,,,,,,,,,,,,,,,,,,,
classic-french-press,,,,,,,,,,,,,,,,,,,,,,,,,https://cdn.shopify.com/s/files/1/0700/3193/3753/products/3_8e719658-b973-4939-b992-6082cabd4406.png?v=1672643297,3,,,,,,,,,,,,,,,,,,,,,,,,,,,,,,,,,,,,
classic-french-press,,,,,,,,,,,,,,,,,,,,,,,,,https://cdn.shopify.com/s/files/1/0700/3193/3753/products/4_d863b45d-ec79-495b-bf8c-13a082e92f66.png?v=1672643297,4,,,,,,,,,,,,,,,,,,,,,,,,,,,,,,,,,,,,
classic-french-press,,,,,,,,,,,,,,,,,,,,,,,,,https://cdn.shopify.com/s/files/1/0700/3193/3753/products/5_5221043f-f555-4421-a357-04f7a0f5a16e.png?v=1672643297,5,,,,,,,,,,,,,,,,,,,,,,,,,,,,,,,,,,,,
classic-french-press,,,,,,,,,,,,,,,,,,,,,,,,,https://cdn.shopify.com/s/files/1/0700/3193/3753/products/6_4c91b8cb-18fe-493a-a06a-216d88a18124.png?v=1672643297,6,,,,,,,,,,,,,,,,,,,,,,,,,,,,,,,,,,,,
classic-french-press,,,,,,,,,,,,,,,,,,,,,,,,,https://cdn.shopify.com/s/files/1/0700/3193/3753/products/7.png?v=1672643297,7,,,,,,,,,,,,,,,,,,,,,,,,,,,,,,,,,,,,
classic-french-press,,,,,,,,,,,,,,,,,,,,,,,,,https://cdn.shopify.com/s/files/1/0700/3193/3753/products/8.png?v=1672643297,8,,,,,,,,,,,,,,,,,,,,,,,,,,,,,,,,,,,,
classic-overnight-cold-brew-bags,Classic Overnight Cold Brew Bags,"GREAT TASTING COFFEE MADE EASY - Brewing a cup of coffee from plain coffee grounds has never been easier. All natural - No artificial flavouring or preservatives. Mess-free and no cleaning of bulky equipment required.
CONVENIENT &amp; ECO-FRIENDLY - Not instant coffee, but coffee instantly. ",Beanly,,Coffee,"",true,Material,Classic,,,,,1129550231124,0.0,shopify,56,deny,manual,230.00,300.00,true,true,"",https://cdn.shopify.com/s/files/1/0700/3193/3753/products/1_7a3c9a87-a0c8-403a-9400-efaec88f0016.png?v=1672644238,1,,false,,,,,,,,,,,,,,https://cdn.shopify.com/s/files/1/0700/3193/3753/products/1_7a3c9a87-a0c8-403a-9400-efaec88f0016.png?v=1672644238,kg,,,true,true,,,true,,,true,,,true,,,true,,,active
classic-overnight-cold-brew-bags,,,,,,,,,Drak Roast,,,,,1129550231125,0.0,shopify,160,deny,manual,250.00,300.00,true,true,"",https://cdn.shopify.com/s/files/1/0700/3193/3753/products/2_21809606-c138-4922-9fcf-03788b6d2a5b.png?v=1672644239,2,,,,,,,,,,,,,,,,https://cdn.shopify.com/s/files/1/0700/3193/3753/products/2_21809606-c138-4922-9fcf-03788b6d2a5b.png?v=1672644239,kg,,,,,,,,,,,,,,,,,,,
classic-overnight-cold-brew-bags,,,,,,,,,,,,,,,,,,,,,,,,,https://cdn.shopify.com/s/files/1/0700/3193/3753/products/RAP_5864_1024x1024-removebg-preview.png?v=1672644239,3,,,,,,,,,,,,,,,,,,,,,,,,,,,,,,,,,,,,
classic-overnight-cold-brew-bags,,,,,,,,,,,,,,,,,,,,,,,,,https://cdn.shopify.com/s/files/1/0700/3193/3753/products/RAP_5866_1024x1024-removebg-preview.png?v=1672644239,4,,,,,,,,,,,,,,,,,,,,,,,,,,,,,,,,,,,,
classic-pro-espresso-machine,Classic Pro Espresso Machine,"Rugged Brushed Stainless Steel housing. Commercial three-way solenoid valve. Capacity water tank - 2.1 liter. Commercial-style 58mm chrome-plated brass portability and brew group.
Easy-to-use rocker switch controls",Budan,,Machine,"",true,Color,Black,,,,,1129550231156,0.0,shopify,55,deny,manual,230.00,,true,true,"",https://cdn.shopify.com/s/files/1/0700/3193/3753/products/1_563aeef5-ab52-451f-8657-af6150521105.png?v=1672654779,1,,false,,,,,,,,,,,,,,https://cdn.shopify.com/s/files/1/0700/3193/3753/products/1_563aeef5-ab52-451f-8657-af6150521105.png?v=1672654779,kg,,,true,true,,,true,,,true,,,true,,,true,,,active
classic-pro-espresso-machine,,,,,,,,,Grey,,,,,1129550231157,0.0,shopify,45,deny,manual,200.00,,true,true,"",https://cdn.shopify.com/s/files/1/0700/3193/3753/products/2_12dc1660-3e1f-4eeb-a425-956891c1e791.png?v=1672654779,2,,,,,,,,,,,,,,,,https://cdn.shopify.com/s/files/1/0700/3193/3753/products/2_12dc1660-3e1f-4eeb-a425-956891c1e791.png?v=1672654779,kg,,,,,,,,,,,,,,,,,,,
classic-pro-espresso-machine,,,,,,,,,,,,,,,,,,,,,,,,,https://cdn.shopify.com/s/files/1/0700/3193/3753/products/4_15cc9b3d-4e0e-4a6b-997a-2c4014f6d03f.png?v=1672654779,3,,,,,,,,,,,,,,,,,,,,,,,,,,,,,,,,,,,,
classic-pro-espresso-machine,,,,,,,,,,,,,,,,,,,,,,,,,https://cdn.shopify.com/s/files/1/0700/3193/3753/products/3_22ab94ed-acac-4ec1-b9a1-658f9e0edf13.png?v=1672654779,4,,,,,,,,,,,,,,,,,,,,,,,,,,,,,,,,,,,,
coffee-cafe-specials,Coffee Cafe Specials,This pack contains 7 sachets of Tata Coffee Cafe Specials instant coffee mix. CAFE-STYLE COFFEE MIX: Enjoy Cafe-style frothy coffee at home with an instant coffee mix. Satiate your palate with an aromatic flavor of cappuccino.,TATA,,Coffee,"",true,Material,Cuppuccino,,,,,1129550561112,0.0,shopify,78,deny,manual,530.00,600.00,true,true,"",https://cdn.shopify.com/s/files/1/0700/3193/3753/products/51_lWSE15NL._SL1000_-removebg-preview.png?v=1672644074,1,,false,,,,,,,,,,,,,,https://cdn.shopify.com/s/files/1/0700/3193/3753/products/51_lWSE15NL._SL1000_-removebg-preview.png?v=1672644074,kg,,,true,true,,,true,,,true,,,true,,,true,,,active
coffee-cafe-specials,,,,,,,,,Hazinut,,,,,1129550561113,0.0,shopify,93,deny,manual,458.00,600.00,true,true,"",https://cdn.shopify.com/s/files/1/0700/3193/3753/products/61drR_-UWVL._SL1000_-removebg-preview.png?v=1672644074,2,,,,,,,,,,,,,,,,https://cdn.shopify.com/s/files/1/0700/3193/3753/products/61drR_-UWVL._SL1000_-removebg-preview.png?v=1672644074,kg,,,,,,,,,,,,,,,,,,,
coffee-cafe-specials,,,,,,,,,,,,,,,,,,,,,,,,,https://cdn.shopify.com/s/files/1/0700/3193/3753/products/61u6Jp4-f8L._SL1000_-removebg-preview.png?v=1672644074,3,,,,,,,,,,,,,,,,,,,,,,,,,,,,,,,,,,,,
coffee-canister-6-stainless-steel,Coffee Canister – 6” Stainless Steel,"You pay for prime quality ground and whole coffee beans, so it makes sense to take care of them. This premium stainless steel container will keep your tea and coffee fresh for a long time.",Bean,,Accessories,"",true,Color,Black,,,,,1129550561178,0.0,shopify,78,deny,manual,630.00,680.00,true,true,"",https://cdn.shopify.com/s/files/1/0700/3193/3753/products/1_6ea37d25-5b98-4ae3-90c2-fae660407b3d.png?v=1672651340,1,,false,,,,,,,,,,,,,,https://cdn.shopify.com/s/files/1/0700/3193/3753/products/1_6ea37d25-5b98-4ae3-90c2-fae660407b3d.png?v=1672651340,kg,,,true,true,,,true,,,true,,,true,,,true,,,active
coffee-canister-6-stainless-steel,,,,,,,,,White,,,,,1129550561179,0.0,shopify,80,deny,manual,586.00,680.00,true,true,"",https://cdn.shopify.com/s/files/1/0700/3193/3753/products/2_fb556c84-46dc-433d-99b1-ccd7b494b0e3.png?v=1672651340,2,,,,,,,,,,,,,,,,https://cdn.shopify.com/s/files/1/0700/3193/3753/products/2_fb556c84-46dc-433d-99b1-ccd7b494b0e3.png?v=1672651340,kg,,,,,,,,,,,,,,,,,,,
coffee-canister-6-stainless-steel,,,,,,,,,,,,,,,,,,,,,,,,,https://cdn.shopify.com/s/files/1/0700/3193/3753/products/3_39efd54f-e9ba-415f-bd67-83bcc206b853.png?v=1672651341,3,,,,,,,,,,,,,,,,,,,,,,,,,,,,,,,,,,,,
coffee-canister-6-stainless-steel,,,,,,,,,,,,,,,,,,,,,,,,,https://cdn.shopify.com/s/files/1/0700/3193/3753/products/5_06764374-ef8a-413b-a43f-754eb79fae16.png?v=1672651686,4,,,,,,,,,,,,,,,,,,,,,,,,,,,,,,,,,,,,
coffee-canister-6-stainless-steel,,,,,,,,,,,,,,,,,,,,,,,,,https://cdn.shopify.com/s/files/1/0700/3193/3753/products/6_4c9a3954-7368-4681-8507-6b7d6646743c.png?v=1672651686,5,,,,,,,,,,,,,,,,,,,,,,,,,,,,,,,,,,,,
coffee-canister-6-stainless-steel,,,,,,,,,,,,,,,,,,,,,,,,,https://cdn.shopify.com/s/files/1/0700/3193/3753/products/4_b6a90377-62aa-40c1-9298-22aa8d7abd83.png?v=1672651686,6,,,,,,,,,,,,,,,,,,,,,,,,,,,,,,,,,,,,
coffee-center-12-cup-coffeemaker,Coffee Center 12-Cup Coffeemaker,"12-cup glass carafe with stainless steel handle. Brew Strength Control - select BOLD for a stronger coffee flavor. Gold-tone coffee filter lets only pure coffee flavor flow through. Single-Serve serving sizes: 6, 8, 10 oz",Budan,,Machine,"",true,Color,Black,,,,,1129550561145,0.0,shopify,78,deny,manual,452.00,500.00,true,true,"",https://cdn.shopify.com/s/files/1/0700/3193/3753/products/1_6fc30276-0c18-4cc1-b19d-47fd75265456.png?v=1672654255,1,,false,,,,,,,,,,,,,,https://cdn.shopify.com/s/files/1/0700/3193/3753/products/1_6fc30276-0c18-4cc1-b19d-47fd75265456.png?v=1672654255,kg,,,true,true,,,true,,,true,,,true,,,true,,,active
coffee-center-12-cup-coffeemaker,,,,,,,,,White,,,,,1129550561146,0.0,shopify,89,deny,manual,452.00,500.00,true,true,"",https://cdn.shopify.com/s/files/1/0700/3193/3753/products/4_3ed33e71-dcc8-4637-9702-43e40e8ee243.png?v=1672654255,2,,,,,,,,,,,,,,,,https://cdn.shopify.com/s/files/1/0700/3193/3753/products/4_3ed33e71-dcc8-4637-9702-43e40e8ee243.png?v=1672654255,kg,,,,,,,,,,,,,,,,,,,
coffee-center-12-cup-coffeemaker,,,,,,,,,Brown,,,,,1129550561147,0.0,shopify,56,deny,manual,452.00,500.00,true,true,"",https://cdn.shopify.com/s/files/1/0700/3193/3753/products/2_4b794e3c-c246-45ba-bcbb-2f12117a806f.png?v=1672654255,3,,,,,,,,,,,,,,,,https://cdn.shopify.com/s/files/1/0700/3193/3753/products/2_4b794e3c-c246-45ba-bcbb-2f12117a806f.png?v=1672654255,kg,,,,,,,,,,,,,,,,,,,
coffee-center-12-cup-coffeemaker,,,,,,,,,,,,,,,,,,,,,,,,,https://cdn.shopify.com/s/files/1/0700/3193/3753/products/3_44955a19-6cb0-466f-b66a-6b8cceaf3fbb.png?v=1672654255,4,,,,,,,,,,,,,,,,,,,,,,,,,,,,,,,,,,,,
coffee-center-12-cup-coffeemaker,,,,,,,,,,,,,,,,,,,,,,,,,https://cdn.shopify.com/s/files/1/0700/3193/3753/products/5_ae2a3463-4da5-4387-94c7-1ad1d54a4deb.png?v=1672654255,5,,,,,,,,,,,,,,,,,,,,,,,,,,,,,,,,,,,,
coffee-center-12-cup-coffeemaker,,,,,,,,,,,,,,,,,,,,,,,,,https://cdn.shopify.com/s/files/1/0700/3193/3753/products/6_98425a2a-ba6e-4090-ace6-f5f464d273d8.png?v=1672654255,6,,,,,,,,,,,,,,,,,,,,,,,,,,,,,,,,,,,,
coffee-center-12-cup-coffeemaker,,,,,,,,,,,,,,,,,,,,,,,,,https://cdn.shopify.com/s/files/1/0700/3193/3753/products/7_5d323dab-1c8e-4bb5-bd9a-7a086435c633.png?v=1672654255,7,,,,,,,,,,,,,,,,,,,,,,,,,,,,,,,,,,,,
coffee-grinder-electric,Coffee Grinder Electric,"FRESH COFFEE, EVERY TIME! Grinding coffee beans immediately before use releases the coffee beans' fragrant essential oils at the right moment to ensure maximum freshness and rich aroma for a full-bodied complex flavor, satisfying coffee with the most delicious taste in the comfort of your own home.",Bean,,Accessories,"",true,Color,Brown,,,,,1129589561145,0.0,shopify,56,deny,manual,563.00,600.00,true,true,"",https://cdn.shopify.com/s/files/1/0700/3193/3753/products/1_40d003d7-1668-439c-b798-ddfbaa3b90b0.png?v=1672651773,1,,false,,,,,,,,,,,,,,https://cdn.shopify.com/s/files/1/0700/3193/3753/products/1_40d003d7-1668-439c-b798-ddfbaa3b90b0.png?v=1672651773,kg,,,true,true,,,true,,,true,,,true,,,true,,,active
coffee-grinder-electric,,,,,,,,,White,,,,,1129589561146,0.0,shopify,63,deny,manual,500.00,600.00,true,true,"",https://cdn.shopify.com/s/files/1/0700/3193/3753/products/2_ae81d74f-2c9b-4a3d-b480-129cfe9e26fa.png?v=1672651773,2,,,,,,,,,,,,,,,,https://cdn.shopify.com/s/files/1/0700/3193/3753/products/2_ae81d74f-2c9b-4a3d-b480-129cfe9e26fa.png?v=1672651773,kg,,,,,,,,,,,,,,,,,,,
coffee-grinder-electric,,,,,,,,,Grey,,,,,1129589561147,0.0,shopify,72,deny,manual,545.00,600.00,true,true,"",https://cdn.shopify.com/s/files/1/0700/3193/3753/products/3_8706c14e-d902-4d5f-bde4-b5c5312a9a67.png?v=1672651774,3,,,,,,,,,,,,,,,,https://cdn.shopify.com/s/files/1/0700/3193/3753/products/3_8706c14e-d902-4d5f-bde4-b5c5312a9a67.png?v=1672651774,kg,,,,,,,,,,,,,,,,,,,
coffee-grinder-electric,,,,,,,,,Black,,,,,1129589561148,0.0,shopify,80,deny,manual,536.00,600.00,true,true,"",https://cdn.shopify.com/s/files/1/0700/3193/3753/products/4_bdcdb466-7fef-4176-8ac7-6b7239ca0907.png?v=1672651774,4,,,,,,,,,,,,,,,,https://cdn.shopify.com/s/files/1/0700/3193/3753/products/4_bdcdb466-7fef-4176-8ac7-6b7239ca0907.png?v=1672651774,kg,,,,,,,,,,,,,,,,,,,
coffee-large-ceramic,Coffee Large - Ceramic,"Rohshi Lane started with a vision to bring all kind of home décor products especially ceramic products with many exclusive &amp; beautiful designs recommended by our designers across India.
The Handle is designed so that will give you a perfect grip while holding your beverage, so you can enjoy your drink with your loved ones.",Generic,,Mugs,"",true,Color,Grey,,,,,1129589561151,0.0,shopify,52,deny,manual,300.00,400.00,true,true,"",https://cdn.shopify.com/s/files/1/0700/3193/3753/products/2_391012e9-fb56-457d-8557-f7dc5fcd8d9d.png?v=1672721325,1,,false,,,,,,,,,,,,,,https://cdn.shopify.com/s/files/1/0700/3193/3753/products/2_391012e9-fb56-457d-8557-f7dc5fcd8d9d.png?v=1672721325,kg,,,true,true,,,true,,,true,,,true,,,true,,,active
coffee-large-ceramic,,,,,,,,,Blue,,,,,1129589561152,0.0,shopify,56,deny,manual,360.00,400.00,true,true,"",https://cdn.shopify.com/s/files/1/0700/3193/3753/products/1_de0a72b0-3b39-4547-8fb7-1702b7bb38a1.png?v=1672721325,2,,,,,,,,,,,,,,,,https://cdn.shopify.com/s/files/1/0700/3193/3753/products/1_de0a72b0-3b39-4547-8fb7-1702b7bb38a1.png?v=1672721325,kg,,,,,,,,,,,,,,,,,,,
coffee-large-ceramic,,,,,,,,,Green,,,,,1129589561153,0.0,shopify,0,deny,manual,389.00,400.00,true,true,"",https://cdn.shopify.com/s/files/1/0700/3193/3753/products/3_77781c9f-2f6f-4a65-a141-063cf8b35f5e.png?v=1672655945,3,,,,,,,,,,,,,,,,https://cdn.shopify.com/s/files/1/0700/3193/3753/products/3_77781c9f-2f6f-4a65-a141-063cf8b35f5e.png?v=1672655945,kg,,,,,,,,,,,,,,,,,,,
coffee-large-ceramic,,,,,,,,,Black,,,,,1129589561154,0.0,shopify,35,deny,manual,360.00,400.00,true,true,"",https://cdn.shopify.com/s/files/1/0700/3193/3753/products/4_96a46577-1128-4678-97b8-33473d70fb5f.png?v=1672655945,4,,,,,,,,,,,,,,,,https://cdn.shopify.com/s/files/1/0700/3193/3753/products/5_f10b437b-ffdc-4b1c-aed1-02400dfb96a0.png?v=1672655945,kg,,,,,,,,,,,,,,,,,,,
coffee-large-ceramic,,,,,,,,,Red,,,,,1129589561155,0.0,shopify,30,deny,manual,320.00,400.00,true,true,"",https://cdn.shopify.com/s/files/1/0700/3193/3753/products/5_f10b437b-ffdc-4b1c-aed1-02400dfb96a0.png?v=1672655945,5,,,,,,,,,,,,,,,,https://cdn.shopify.com/s/files/1/0700/3193/3753/products/4_96a46577-1128-4678-97b8-33473d70fb5f.png?v=1672655945,kg,,,,,,,,,,,,,,,,,,,
coffee-large-ceramic,,,,,,,,,,,,,,,,,,,,,,,,,https://cdn.shopify.com/s/files/1/0700/3193/3753/products/6_31a4e0eb-fd8c-4d19-8504-8af9a6c31b8b.png?v=1672655945,6,,,,,,,,,,,,,,,,,,,,,,,,,,,,,,,,,,,,
coffee-maker,Coffee Maker,"The trendy carafe comes with a lid that has just the right design to help you pour out your coffee without any spillage.
This carafe comes with a nylon filter which filters your coffee to perfection.",Budan,,Machine,"",true,Color,Grey,,,,,1129589561148,0.0,shopify,52,deny,manual,263.00,300.00,true,true,"",https://cdn.shopify.com/s/files/1/0700/3193/3753/products/1_17386e07-6118-46de-9420-d3288f12eb35.png?v=1672654632,1,,false,,,,,,,,,,,,,,https://cdn.shopify.com/s/files/1/0700/3193/3753/products/1_17386e07-6118-46de-9420-d3288f12eb35.png?v=1672654632,kg,,,true,true,,,true,,,true,,,true,,,true,,,active
coffee-maker,,,,,,,,,White,,,,,1129589561149,0.0,shopify,45,deny,manual,245.00,300.00,true,true,"",https://cdn.shopify.com/s/files/1/0700/3193/3753/products/2_4840786f-2b7d-4343-9d75-634eaba7b5aa.png?v=1672654634,2,,,,,,,,,,,,,,,,https://cdn.shopify.com/s/files/1/0700/3193/3753/products/4_a69b8a58-3773-4415-9da7-3bcd76fb5e1a.png?v=1672654651,kg,,,,,,,,,,,,,,,,,,,
coffee-maker,,,,,,,,,,,,,,,,,,,,,,,,,https://cdn.shopify.com/s/files/1/0700/3193/3753/products/4_a69b8a58-3773-4415-9da7-3bcd76fb5e1a.png?v=1672654651,3,,,,,,,,,,,,,,,,,,,,,,,,,,,,,,,,,,,,
coffee-maker,,,,,,,,,,,,,,,,,,,,,,,,,https://cdn.shopify.com/s/files/1/0700/3193/3753/products/5_ec213ade-2463-4644-8aaa-359d50312ad3.png?v=1672654651,4,,,,,,,,,,,,,,,,,,,,,,,,,,,,,,,,,,,,
coffee-maker,,,,,,,,,,,,,,,,,,,,,,,,,https://cdn.shopify.com/s/files/1/0700/3193/3753/products/3_2e185d14-8402-45db-bcfd-cb43f2150677.png?v=1672654651,5,,,,,,,,,,,,,,,,,,,,,,,,,,,,,,,,,,,,
coffee-maker-brewer-includes-14oz,Coffee Maker Brewer Includes 14Oz,"1)Too coarse a grind, too little coffee, or insufficiently tamping the grounds before brewing can all lead to inadequate pressure for a proper brew. 2)It is important to note that the amount of espresso extracted will vary depending on the grind size and amount and reprogramming may be needed when the size and amount are adjusted",1Zpresso,,Grinder,"",true,Color,Black,,,,,1124289561126,0.0,shopify,54,deny,manual,486.00,,true,true,"",https://cdn.shopify.com/s/files/1/0700/3193/3753/products/1_543e59e3-ae5a-490a-8c02-d4d2c77d33a3.png?v=1672658842,1,,false,,,,,,,,,,,,,,https://cdn.shopify.com/s/files/1/0700/3193/3753/products/1_543e59e3-ae5a-490a-8c02-d4d2c77d33a3.png?v=1672658842,kg,,,true,true,,,true,,,true,,,true,,,true,,,active
coffee-maker-brewer-includes-14oz,,,,,,,,,Green,,,,,1124289561127,0.0,shopify,0,deny,manual,400.00,,true,true,"",https://cdn.shopify.com/s/files/1/0700/3193/3753/products/2_05ac39e6-6338-479d-b92b-6f7e9a80210e.png?v=1672658842,2,,,,,,,,,,,,,,,,https://cdn.shopify.com/s/files/1/0700/3193/3753/products/2_05ac39e6-6338-479d-b92b-6f7e9a80210e.png?v=1672658842,kg,,,,,,,,,,,,,,,,,,,
coffee-maker-brewer-includes-14oz,,,,,,,,,,,,,,,,,,,,,,,,,https://cdn.shopify.com/s/files/1/0700/3193/3753/products/3_2d1138f3-215f-40e7-8c76-e6f63b4aa31a.png?v=1672658843,3,,,,,,,,,,,,,,,,,,,,,,,,,,,,,,,,,,,,
coffee-mixer-for-cappuccino,Coffee Mixer for Cappuccino,"The battery-operated milk frother is easy to control and easy to clean, use with 2 AA batteries ( Battery Not included in box). The handheld version makes the frother easy to use by hand. The milk frother will be very easy to install.",Bean,,Accessories,"",true,Color,Pink,,,,,1124209561126,0.0,shopify,78,deny,manual,653.00,700.00,true,true,"",https://cdn.shopify.com/s/files/1/0700/3193/3753/products/61BxcXeDhZL._AC_SL1500_-removebg-preview.png?v=1672652032,1,,false,,,,,,,,,,,,,,https://cdn.shopify.com/s/files/1/0700/3193/3753/products/61BxcXeDhZL._AC_SL1500_-removebg-preview.png?v=1672652032,kg,,,true,true,,,true,,,true,,,true,,,true,,,active
coffee-mixer-for-cappuccino,,,,,,,,,Grey,,,,,1124209561127,0.0,shopify,80,deny,manual,603.00,700.00,true,true,"",https://cdn.shopify.com/s/files/1/0700/3193/3753/products/61WMppU25ML._AC_SL1500_-removebg-preview.png?v=1672652032,2,,,,,,,,,,,,,,,,https://cdn.shopify.com/s/files/1/0700/3193/3753/products/61WMppU25ML._AC_SL1500_-removebg-preview.png?v=1672652032,kg,,,,,,,,,,,,,,,,,,,
coffee-mixer-for-cappuccino,,,,,,,,,Black,,,,,1124209561128,0.0,shopify,86,deny,manual,663.00,700.00,true,true,"",https://cdn.shopify.com/s/files/1/0700/3193/3753/products/611sEjEoDXL._AC_SL1500_-removebg-preview.png?v=1672652032,3,,,,,,,,,,,,,,,,https://cdn.shopify.com/s/files/1/0700/3193/3753/products/611sEjEoDXL._AC_SL1500_-removebg-preview.png?v=1672652032,kg,,,,,,,,,,,,,,,,,,,
coffee-mixer-for-cappuccino,,,,,,,,,White,,,,,1124209561129,0.0,shopify,90,deny,manual,623.00,700.00,true,true,"",https://cdn.shopify.com/s/files/1/0700/3193/3753/products/613bzj9hMpL._AC_SL1500_-removebg-preview.png?v=1672652032,4,,,,,,,,,,,,,,,,https://cdn.shopify.com/s/files/1/0700/3193/3753/products/613bzj9hMpL._AC_SL1500_-removebg-preview.png?v=1672652032,kg,,,,,,,,,,,,,,,,,,,
coffee-mugs-set-of-4-12-ounce-cups,Coffee Mugs Set of 4 - 12 Ounce Cups,"Roshi Lane started with a vision to bring all kinds of home décor products especially ceramic products with many exclusive &amp; beautiful designs recommended by our designers across India.
The Handle is designed so that will give you a perfect grip while holding your beverage, so you can enjoy your drink with your loved ones.",Generic,,Mugs,"",true,Color,Green,,,,,1124209561190,0.0,shopify,65,deny,manual,630.00,,true,true,"",https://cdn.shopify.com/s/files/1/0700/3193/3753/products/6_8f8ed4aa-0483-455d-acad-13e9866fd80e.png?v=1672656069,1,,false,,,,,,,,,,,,,,https://cdn.shopify.com/s/files/1/0700/3193/3753/products/6_8f8ed4aa-0483-455d-acad-13e9866fd80e.png?v=1672656069,kg,,,true,true,,,true,,,true,,,true,,,true,,,active
coffee-mugs-set-of-4-12-ounce-cups,,,,,,,,,Red,,,,,1124209561191,0.0,shopify,32,deny,manual,600.00,,true,true,"",https://cdn.shopify.com/s/files/1/0700/3193/3753/products/1_563b9d6c-4eb1-4490-8be5-bda2a6b2e118.png?v=1672656070,2,,,,,,,,,,,,,,,,https://cdn.shopify.com/s/files/1/0700/3193/3753/products/1_563b9d6c-4eb1-4490-8be5-bda2a6b2e118.png?v=1672656070,kg,,,,,,,,,,,,,,,,,,,
coffee-mugs-set-of-4-12-ounce-cups,,,,,,,,,Blue,,,,,1124209561192,0.0,shopify,49,deny,manual,662.00,,true,true,"",https://cdn.shopify.com/s/files/1/0700/3193/3753/products/2_f52de2a1-03b3-4f0b-b348-69e4252f8991.png?v=1672656070,3,,,,,,,,,,,,,,,,https://cdn.shopify.com/s/files/1/0700/3193/3753/products/2_f52de2a1-03b3-4f0b-b348-69e4252f8991.png?v=1672656070,kg,,,,,,,,,,,,,,,,,,,
coffee-mugs-set-of-4-12-ounce-cups,,,,,,,,,Black,,,,,1124209561193,0.0,shopify,25,deny,manual,780.00,,true,true,"",https://cdn.shopify.com/s/files/1/0700/3193/3753/products/4_fa7f0ba0-7a12-4f95-a72a-6ea46eee1cd9.png?v=1672656070,4,,,,,,,,,,,,,,,,https://cdn.shopify.com/s/files/1/0700/3193/3753/products/4_fa7f0ba0-7a12-4f95-a72a-6ea46eee1cd9.png?v=1672656070,kg,,,,,,,,,,,,,,,,,,,
coffee-mugs-set-of-4-12-ounce-cups,,,,,,,,,White,,,,,1124209561194,0.0,shopify,63,deny,manual,700.00,,true,true,"",https://cdn.shopify.com/s/files/1/0700/3193/3753/products/5_2fd3b133-30f4-4a3e-906a-ab9d73da38d5.png?v=1672656070,5,,,,,,,,,,,,,,,,https://cdn.shopify.com/s/files/1/0700/3193/3753/products/5_2fd3b133-30f4-4a3e-906a-ab9d73da38d5.png?v=1672656070,kg,,,,,,,,,,,,,,,,,,,
coffee-mugs-set-of-4-12-ounce-cups,,,,,,,,,,,,,,,,,,,,,,,,,https://cdn.shopify.com/s/files/1/0700/3193/3753/products/3_458b8ae1-1a25-4f79-94d7-d152debd0471.png?v=1672656070,6,,,,,,,,,,,,,,,,,,,,,,,,,,,,,,,,,,,,
colombian-brew-hazelnut-instant,Colombian Brew Hazelnut Instant,"This is soluble instant coffee. 1 spoon makes 1 cup of 125ml coffee. Drink hot or cold in milk or water. Add sugar as per taste. (This coffee has no sugar, no milk powder, and no preservatives). Fine Texture, No Chicory, No Sugar, Keto",Beanly,,Coffee,"",true,Material,Hazelnut,,,,,1624289561121,0.0,shopify,73,deny,manual,245.00,300.00,true,true,"",https://cdn.shopify.com/s/files/1/0700/3193/3753/products/71d84-l_HOL._SL1500_-removebg-preview.png?v=1672644681,1,,false,,,,,,,,,,,,,,https://cdn.shopify.com/s/files/1/0700/3193/3753/products/71d84-l_HOL._SL1500_-removebg-preview.png?v=1672644681,kg,,,true,true,,,true,,,true,,,true,,,true,,,active
colombian-brew-hazelnut-instant,,,,,,,,,Venilla,,,,,1624289561122,0.0,shopify,80,deny,manual,280.00,300.00,true,true,"",https://cdn.shopify.com/s/files/1/0700/3193/3753/products/715QBZ_Y06L._SL1500_-removebg-preview.png?v=1672644681,2,,,,,,,,,,,,,,,,https://cdn.shopify.com/s/files/1/0700/3193/3753/products/715QBZ_Y06L._SL1500_-removebg-preview.png?v=1672644681,kg,,,,,,,,,,,,,,,,,,,
colombian-brew-hazelnut-instant,,,,,,,,,,,,,,,,,,,,,,,,,https://cdn.shopify.com/s/files/1/0700/3193/3753/products/71gRkb941bL._SL1500_-removebg-preview.png?v=1672644681,3,,,,,,,,,,,,,,,,,,,,,,,,,,,,,,,,,,,,
colombian-brew-hazelnut-instant,,,,,,,,,,,,,,,,,,,,,,,,,https://cdn.shopify.com/s/files/1/0700/3193/3753/products/81_8cACWvtL._SL1500_-removebg-preview.png?v=1672644681,4,,,,,,,,,,,,,,,,,,,,,,,,,,,,,,,,,,,,
colombian-brew-hazelnut-instant,,,,,,,,,,,,,,,,,,,,,,,,,https://cdn.shopify.com/s/files/1/0700/3193/3753/products/811W-f0E8xL._SL1500_-removebg-preview.png?v=1672644681,5,,,,,,,,,,,,,,,,,,,,,,,,,,,,,,,,,,,,
conical-burr-grinder,Conical Burr Grinder,This new Mueller Conical Burr Grinder provides you with the highest quality and newest technology on the market. The hardened alloy steel conical burr coffee grinder provides you precise grind size and uniform grinding for full coffee flavor.,1Zpresso,,Grinder,"",true,Color,Black,,,,,1624289561131,0.0,shopify,56,deny,manual,584.00,600.00,true,true,"",https://cdn.shopify.com/s/files/1/0700/3193/3753/products/1_f05ae8de-129a-4d3f-afba-d062e1ffb1d8.png?v=1672659207,1,,false,,,,,,,,,,,,,,https://cdn.shopify.com/s/files/1/0700/3193/3753/products/1_f05ae8de-129a-4d3f-afba-d062e1ffb1d8.png?v=1672659207,kg,,,true,true,,,true,,,true,,,true,,,true,,,active
conical-burr-grinder,,,,,,,,,Blue,,,,,1624289561132,0.0,shopify,78,deny,manual,500.00,600.00,true,true,"",https://cdn.shopify.com/s/files/1/0700/3193/3753/products/2_775cecb5-ffc0-4759-b65f-33637dadd4db.png?v=1672659207,2,,,,,,,,,,,,,,,,https://cdn.shopify.com/s/files/1/0700/3193/3753/products/3_23b7a8b2-85c6-4826-bbb5-0274ec262ef1.png?v=1672659207,kg,,,,,,,,,,,,,,,,,,,
conical-burr-grinder,,,,,,,,,Green,,,,,1624289561133,0.0,shopify,82,deny,manual,464.00,600.00,true,true,"",https://cdn.shopify.com/s/files/1/0700/3193/3753/products/3_23b7a8b2-85c6-4826-bbb5-0274ec262ef1.png?v=1672659207,3,,,,,,,,,,,,,,,,https://cdn.shopify.com/s/files/1/0700/3193/3753/products/4..png?v=1672659207,kg,,,,,,,,,,,,,,,,,,,
conical-burr-grinder,,,,,,,,,,,,,,,,,,,,,,,,,https://cdn.shopify.com/s/files/1/0700/3193/3753/products/4..png?v=1672659207,4,,,,,,,,,,,,,,,,,,,,,,,,,,,,,,,,,,,,
distributor,Distributor,"This 58mm Leveler is made of high-quality stainless steel, which is not easy to rust, more for health. The surface of the product is polished, delicate, and smooth. The product uses a strong base, and the powder-pressing effect is good.",Benki,,Tools,"",true,Color,Black,,,,,1624289561141,0.0,shopify,56,deny,manual,320.00,400.00,true,true,"",https://cdn.shopify.com/s/files/1/0700/3193/3753/products/3.png?v=1672642716,1,,false,,,,,,,,,,,,,,https://cdn.shopify.com/s/files/1/0700/3193/3753/products/3.png?v=1672642716,kg,,,true,true,,,true,,,true,,,true,,,true,,,active
distributor,,,,,,,,,White,,,,,1624289561142,0.0,shopify,63,deny,manual,300.00,400.00,true,true,"",https://cdn.shopify.com/s/files/1/0700/3193/3753/products/5.png?v=1672642716,2,,,,,,,,,,,,,,,,https://cdn.shopify.com/s/files/1/0700/3193/3753/products/5.png?v=1672642716,kg,,,,,,,,,,,,,,,,,,,
distributor,,,,,,,,,,,,,,,,,,,,,,,,,https://cdn.shopify.com/s/files/1/0700/3193/3753/products/1.png?v=1672642717,3,,,,,,,,,,,,,,,,,,,,,,,,,,,,,,,,,,,,
distributor,,,,,,,,,,,,,,,,,,,,,,,,,https://cdn.shopify.com/s/files/1/0700/3193/3753/products/4.png?v=1672642717,4,,,,,,,,,,,,,,,,,,,,,,,,,,,,,,,,,,,,
distributor,,,,,,,,,,,,,,,,,,,,,,,,,https://cdn.shopify.com/s/files/1/0700/3193/3753/products/6.png?v=1672642717,5,,,,,,,,,,,,,,,,,,,,,,,,,,,,,,,,,,,,
distributor,,,,,,,,,,,,,,,,,,,,,,,,,https://cdn.shopify.com/s/files/1/0700/3193/3753/products/2.png?v=1672642717,6,,,,,,,,,,,,,,,,,,,,,,,,,,,,,,,,,,,,
electric-spicecoffee-grinder,Electric SpiceCoffee Grinder,"Coffee grinder with Power 200W,230V,60Hz;1.8 oz./50g capacity, yielding up to 7 cups of coffee; Great for grinding coffee beans, dried spices, nuts, grains, and so on. One removable S/S grinding cup is attached; Coffee mill with ETL approval; BPA free;",1Zpresso,,Grinder,"",true,Color,Grey,,,,,1624289561151,0.0,shopify,57,deny,manual,782.00,,true,true,"",https://cdn.shopify.com/s/files/1/0700/3193/3753/products/1_980ff3e6-5e64-4f11-bf9d-b1d091bdaed0.png?v=1672658553,1,,false,,,,,,,,,,,,,,https://cdn.shopify.com/s/files/1/0700/3193/3753/products/1_980ff3e6-5e64-4f11-bf9d-b1d091bdaed0.png?v=1672658553,kg,,,true,true,,,true,,,true,,,true,,,true,,,active
electric-spicecoffee-grinder,,,,,,,,,White,,,,,1624289561152,0.0,shopify,89,deny,manual,741.00,,true,true,"",https://cdn.shopify.com/s/files/1/0700/3193/3753/products/2_c8911768-902d-4480-978c-5a6bb9ad18ad.png?v=1672658553,2,,,,,,,,,,,,,,,,https://cdn.shopify.com/s/files/1/0700/3193/3753/products/3_f9b14b32-3f83-4ead-b54b-1794750f4463.png?v=1672658553,kg,,,,,,,,,,,,,,,,,,,
electric-spicecoffee-grinder,,,,,,,,,Black,,,,,1624289561153,0.0,shopify,0,deny,manual,689.00,,true,true,"",https://cdn.shopify.com/s/files/1/0700/3193/3753/products/3_f9b14b32-3f83-4ead-b54b-1794750f4463.png?v=1672658553,3,,,,,,,,,,,,,,,,https://cdn.shopify.com/s/files/1/0700/3193/3753/products/4_4ae8c385-546f-4ec7-a230-dff3f1cfcc96.png?v=1672658553,kg,,,,,,,,,,,,,,,,,,,
electric-spicecoffee-grinder,,,,,,,,,Red,,,,,1624289561154,0.0,shopify,38,deny,manual,700.00,,true,true,"",https://cdn.shopify.com/s/files/1/0700/3193/3753/products/4_4ae8c385-546f-4ec7-a230-dff3f1cfcc96.png?v=1672658553,4,,,,,,,,,,,,,,,,https://cdn.shopify.com/s/files/1/0700/3193/3753/products/2_c8911768-902d-4480-978c-5a6bb9ad18ad.png?v=1672658553,kg,,,,,,,,,,,,,,,,,,,
estate-washed-medium-roast,Estate Washed - Medium Roast,"Recommended Brewing Methods - Home Espresso, French Press, South Indian Filter, Moka Pot. Roast Level - Dark Tasting Notes - Cocoa, Oaky, Bitter Sweet The second darkest of our roasts, this blend has a great body, and low acidity and is a favorite choice for coffee drinkers who enjoy a strong cup, with the characteristic bittersweet notes.",Tokai,,Coffee,"",true,Material,Dhak Blend,,,,,1624289561161,0.0,shopify,44,deny,manual,675.00,700.00,true,true,"",https://cdn.shopify.com/s/files/1/0700/3193/3753/products/51FBrdca5nL-removebg-preview.png?v=1672644685,1,,false,,,,,,,,,,,,,,https://cdn.shopify.com/s/files/1/0700/3193/3753/products/51FBrdca5nL-removebg-preview.png?v=1672644685,kg,,,true,true,,,true,,,true,,,true,,,true,,,active
estate-washed-medium-roast,,,,,,,,,Vienna Roast,,,,,1624289561162,0.0,shopify,58,deny,manual,600.00,700.00,true,true,"",https://cdn.shopify.com/s/files/1/0700/3193/3753/products/51jFUqLYZzL._SL1100_-removebg-preview.png?v=1672644685,2,,,,,,,,,,,,,,,,https://cdn.shopify.com/s/files/1/0700/3193/3753/products/51jFUqLYZzL._SL1100_-removebg-preview.png?v=1672644685,kg,,,,,,,,,,,,,,,,,,,
estate-washed-medium-roast,,,,,,,,,Thogarihunkal,,,,,1624289561163,0.0,shopify,78,deny,manual,625.00,700.00,true,true,"",https://cdn.shopify.com/s/files/1/0700/3193/3753/products/51wKQjPcwML._SL1100_-removebg-preview.png?v=1672644685,3,,,,,,,,,,,,,,,,https://cdn.shopify.com/s/files/1/0700/3193/3753/products/51wKQjPcwML._SL1100_-removebg-preview.png?v=1672644685,kg,,,,,,,,,,,,,,,,,,,
estate-washed-medium-roast,,,,,,,,,Kerehaklu,,,,,1624289561164,0.0,shopify,96,deny,manual,645.00,700.00,true,true,"",https://cdn.shopify.com/s/files/1/0700/3193/3753/products/51YmQPbMcBL._SL1100_-removebg-preview.png?v=1672644685,4,,,,,,,,,,,,,,,,https://cdn.shopify.com/s/files/1/0700/3193/3753/products/51YmQPbMcBL._SL1100_-removebg-preview.png?v=1672644685,kg,,,,,,,,,,,,,,,,,,,
grinder-pro-coffee-bean,Grinder Pro Coffee Bean,"Flat Burr Grinder System - The metallic burr grinder produces fine and even ground coffee, which better retains the aroma of coffee and helps you to taste great coffee.16 Grinding Settings - The electric coffee grinder offers 16 kinds of grinding sizes.",1Zpresso,,Grinder,"",true,Color,Black,,,,,1624289561171,0.0,shopify,45,deny,manual,716.00,800.00,true,true,"",https://cdn.shopify.com/s/files/1/0700/3193/3753/products/1_670d78fe-329d-4e1b-8ced-f5e600a0a9d0.png?v=1672658692,1,,false,,,,,,,,,,,,,,https://cdn.shopify.com/s/files/1/0700/3193/3753/products/1_670d78fe-329d-4e1b-8ced-f5e600a0a9d0.png?v=1672658692,kg,,,true,true,,,true,,,true,,,true,,,true,,,active
grinder-pro-coffee-bean,,,,,,,,,White,,,,,1624289561172,0.0,shopify,78,deny,manual,753.00,800.00,true,true,"",https://cdn.shopify.com/s/files/1/0700/3193/3753/products/2_6d8fa9de-830f-4991-81fb-95fd6c39d4f7.png?v=1672658693,2,,,,,,,,,,,,,,,,https://cdn.shopify.com/s/files/1/0700/3193/3753/products/2_6d8fa9de-830f-4991-81fb-95fd6c39d4f7.png?v=1672658693,kg,,,,,,,,,,,,,,,,,,,
grinder-pro-coffee-bean,,,,,,,,,Red,,,,,1624289561173,0.0,shopify,0,deny,manual,743.00,800.00,true,true,"",https://cdn.shopify.com/s/files/1/0700/3193/3753/products/3_f3a24756-cfbc-4e55-a1d5-8a52facd3b57.png?v=1672658693,3,,,,,,,,,,,,,,,,https://cdn.shopify.com/s/files/1/0700/3193/3753/products/4_aad0cc78-f729-4389-9826-4a1faea1316e.png?v=1672658693,kg,,,,,,,,,,,,,,,,,,,
grinder-pro-coffee-bean,,,,,,,,,,,,,,,,,,,,,,,,,https://cdn.shopify.com/s/files/1/0700/3193/3753/products/4_aad0cc78-f729-4389-9826-4a1faea1316e.png?v=1672658693,4,,,,,,,,,,,,,,,,,,,,,,,,,,,,,,,,,,,,
hot-coffee-mug,Hot Coffee Mug,"This double-walled, vacuum-sealed coffee mug is made of high-quality 18/8 food-grade stainless steel. The lid is made of BPA-free plastic which is durable and food-safe. These coffee mugs have been mindfully powder-coated matte surfaces comfortable to touch. 380ml/12oz capacity is a portable travel mug when you are on the go.",Coffee WorkDo,,Mugs,"",true,Color,Blue,,,,,1624289561181,0.0,shopify,78,deny,manual,236.00,340.00,true,true,"",https://cdn.shopify.com/s/files/1/0700/3193/3753/products/2_cc8aba5c-ed94-41eb-993e-169cc71b32bf.png?v=1672657257,1,,false,,,,,,,,,,,,,,https://cdn.shopify.com/s/files/1/0700/3193/3753/products/2_cc8aba5c-ed94-41eb-993e-169cc71b32bf.png?v=1672657257,kg,,,true,true,,,true,,,true,,,true,,,true,,,active
hot-coffee-mug,,,,,,,,,Purple,,,,,1624289561182,0.0,shopify,0,deny,manual,200.00,340.00,true,true,"",https://cdn.shopify.com/s/files/1/0700/3193/3753/products/1_a371e37a-c929-484b-8948-eab9888248e1.png?v=1672657257,2,,,,,,,,,,,,,,,,https://cdn.shopify.com/s/files/1/0700/3193/3753/products/1_a371e37a-c929-484b-8948-eab9888248e1.png?v=1672657257,kg,,,,,,,,,,,,,,,,,,,
hot-coffee-mug,,,,,,,,,,,,,,,,,,,,,,,,,https://cdn.shopify.com/s/files/1/0700/3193/3753/products/3_19811abc-e779-4778-83b2-cfa2445d407e.png?v=1672657257,3,,,,,,,,,,,,,,,,,,,,,,,,,,,,,,,,,,,,
hot-coffee-mug,,,,,,,,,,,,,,,,,,,,,,,,,https://cdn.shopify.com/s/files/1/0700/3193/3753/products/41CxaBDpIYL-removebg-preview.png?v=1672657257,4,,,,,,,,,,,,,,,,,,,,,,,,,,,,,,,,,,,,
hot-coffee-mug,,,,,,,,,,,,,,,,,,,,,,,,,https://cdn.shopify.com/s/files/1/0700/3193/3753/products/41mm397rBIL-removebg-preview.png?v=1672657257,5,,,,,,,,,,,,,,,,,,,,,,,,,,,,,,,,,,,,
hot-coffee-mug,,,,,,,,,,,,,,,,,,,,,,,,,https://cdn.shopify.com/s/files/1/0700/3193/3753/products/41QtW--hnHL-removebg-preview.png?v=1672657257,6,,,,,,,,,,,,,,,,,,,,,,,,,,,,,,,,,,,,
k-cup-pod-coffee-brewer,K-Cup Pod Coffee Brewer,"This personal single serve coffee maker will give you that fresh, pure taste that is required to jump start your day. Have your cup ready to drink in only 3 minutes! Hot enough to still have hot coffee with cream added. The water adjustment function allows you to control how much coffee you want to brew to save expensive grounds.",Bean,,Accessories,"",true,Color,Black,,,,,1624289561191,0.0,shopify,56,deny,manual,630.00,680.00,true,true,"",https://cdn.shopify.com/s/files/1/0700/3193/3753/products/2_0466aabd-feaa-4d8a-ae42-ce5a8fa14522.png?v=1672652243,1,,false,,,,,,,,,,,,,,https://cdn.shopify.com/s/files/1/0700/3193/3753/products/2_0466aabd-feaa-4d8a-ae42-ce5a8fa14522.png?v=1672652243,kg,,,true,true,,,true,,,true,,,true,,,true,,,active
k-cup-pod-coffee-brewer,,,,,,,,,Green,,,,,1624289561192,0.0,shopify,63,deny,manual,600.00,680.00,true,true,"",https://cdn.shopify.com/s/files/1/0700/3193/3753/products/3_95031caf-7449-4def-ac51-518e6babff89.png?v=1672652243,2,,,,,,,,,,,,,,,,https://cdn.shopify.com/s/files/1/0700/3193/3753/products/3_95031caf-7449-4def-ac51-518e6babff89.png?v=1672652243,kg,,,,,,,,,,,,,,,,,,,
k-cup-pod-coffee-brewer,,,,,,,,,Grey,,,,,1624289561193,0.0,shopify,78,deny,manual,623.00,680.00,true,true,"",https://cdn.shopify.com/s/files/1/0700/3193/3753/products/4_697f8d10-c554-40db-bf17-305c9376cf06.png?v=1672652243,3,,,,,,,,,,,,,,,,https://cdn.shopify.com/s/files/1/0700/3193/3753/products/4_697f8d10-c554-40db-bf17-305c9376cf06.png?v=1672652243,kg,,,,,,,,,,,,,,,,,,,
k-cup-pod-coffee-brewer,,,,,,,,,White,,,,,1624289561194,0.0,shopify,85,deny,manual,609.00,680.00,true,true,"",https://cdn.shopify.com/s/files/1/0700/3193/3753/products/5_619b0650-2131-45a9-9b0a-fe39d8ae483e.png?v=1672652244,4,,,,,,,,,,,,,,,,https://cdn.shopify.com/s/files/1/0700/3193/3753/products/5_619b0650-2131-45a9-9b0a-fe39d8ae483e.png?v=1672652244,kg,,,,,,,,,,,,,,,,,,,
k-cup-pod-coffee-brewer,,,,,,,,,Blue,,,,,1624289561195,0.0,shopify,97,deny,manual,645.00,680.00,true,true,"",https://cdn.shopify.com/s/files/1/0700/3193/3753/products/7_7d8a9533-d49e-4d09-ae60-4df8521ff063.png?v=1672652244,5,,,,,,,,,,,,,,,,https://cdn.shopify.com/s/files/1/0700/3193/3753/products/7_7d8a9533-d49e-4d09-ae60-4df8521ff063.png?v=1672652244,kg,,,,,,,,,,,,,,,,,,,
k-cup-pod-coffee-brewer,,,,,,,,,,,,,,,,,,,,,,,,,https://cdn.shopify.com/s/files/1/0700/3193/3753/products/8_4857da89-1c01-4cfb-8959-2482552a9500.png?v=1672652244,6,,,,,,,,,,,,,,,,,,,,,,,,,,,,,,,,,,,,
k-cup-pod-coffee-brewer,,,,,,,,,,,,,,,,,,,,,,,,,https://cdn.shopify.com/s/files/1/0700/3193/3753/products/1_cd49eb50-befc-4f79-b876-6de81e6ebfc7.png?v=1672652244,7,,,,,,,,,,,,,,,,,,,,,,,,,,,,,,,,,,,,
k-elite-coffee-maker,K-Elite Coffee Maker,"Our Single Serve Coffee maker is exactly what you need to start your day productively and on a high note!! Choose ground coffee or single cup pods, and Our coffee machine can almost instantly brew your favorite brand of ground coffee with our quick-brewing technology!",Budan,,Machine,"",true,Color,Black,,,,,1624291561101,0.0,shopify,63,deny,manual,630.00,700.00,true,true,"",https://cdn.shopify.com/s/files/1/0700/3193/3753/products/3_814c10e6-f9a2-4180-b1d4-4018a1eff48f.png?v=1672654079,1,,false,,,,,,,,,,,,,,https://cdn.shopify.com/s/files/1/0700/3193/3753/products/3_814c10e6-f9a2-4180-b1d4-4018a1eff48f.png?v=1672654079,kg,,,true,true,,,true,,,true,,,true,,,true,,,active
k-elite-coffee-maker,,,,,,,,,White,,,,,1624291561102,0.0,shopify,70,deny,manual,620.00,700.00,true,true,"",https://cdn.shopify.com/s/files/1/0700/3193/3753/products/5_6b3ed99d-de2c-4bc1-be8d-c4bac1813cae.png?v=1672654079,2,,,,,,,,,,,,,,,,https://cdn.shopify.com/s/files/1/0700/3193/3753/products/5_6b3ed99d-de2c-4bc1-be8d-c4bac1813cae.png?v=1672654079,kg,,,,,,,,,,,,,,,,,,,
k-elite-coffee-maker,,,,,,,,,,,,,,,,,,,,,,,,,https://cdn.shopify.com/s/files/1/0700/3193/3753/products/4_5d723d04-2cc8-4eaf-a2cc-1505b65a67e4.png?v=1672654079,3,,,,,,,,,,,,,,,,,,,,,,,,,,,,,,,,,,,,
k-elite-coffee-maker,,,,,,,,,,,,,,,,,,,,,,,,,https://cdn.shopify.com/s/files/1/0700/3193/3753/products/1_e5ff8e2b-9fd2-4eac-b2a1-00f91c57c19f.png?v=1672654079,4,,,,,,,,,,,,,,,,,,,,,,,,,,,,,,,,,,,,
k-elite-coffee-maker,,,,,,,,,,,,,,,,,,,,,,,,,https://cdn.shopify.com/s/files/1/0700/3193/3753/products/2_00a919a0-9d55-4123-9064-2212e186b78e.png?v=1672654079,5,,,,,,,,,,,,,,,,,,,,,,,,,,,,,,,,,,,,
nescafe-extra-forte-coffee,Nescafe Extra Forte Coffee,Natural no artificial ingredients used provide energy and help in weight loss Brazilian coffee.,Nescafe,,Coffee,"",true,Size,230 gram,,,,,1624291561104,0.0,shopify,0,deny,manual,320.00,,true,true,"",https://cdn.shopify.com/s/files/1/0700/3193/3753/products/41Rvn3dPArL-removebg-preview.png?v=1672644053,1,,false,,,,,,,,,,,,,,https://cdn.shopify.com/s/files/1/0700/3193/3753/products/41Rvn3dPArL-removebg-preview.png?v=1672644053,kg,,,true,true,,,true,,,true,,,true,,,true,,,active
nescafe-extra-forte-coffee,,,,,,,,,,,,,,,,,,,,,,,,,https://cdn.shopify.com/s/files/1/0700/3193/3753/products/71DDR39Mr7L._SL1500_-removebg-preview.png?v=1672644054,2,,,,,,,,,,,,,,,,,,,,,,,,,,,,,,,,,,,,
nescafe-extra-forte-coffee,,,,,,,,,,,,,,,,,,,,,,,,,https://cdn.shopify.com/s/files/1/0700/3193/3753/products/71zxqbC1a-L._SL1500_-removebg-preview.png?v=1672644054,3,,,,,,,,,,,,,,,,,,,,,,,,,,,,,,,,,,,,
nescafe-extra-forte-coffee,,,,,,,,,,,,,,,,,,,,,,,,,https://cdn.shopify.com/s/files/1/0700/3193/3753/products/81iTeA3lETL._SL1500_-removebg-preview.png?v=1672644054,4,,,,,,,,,,,,,,,,,,,,,,,,,,,,,,,,,,,,
organic-italian-roast-ground-coffee,Organic Italian Roast Ground Coffee,"This is soluble instant coffee. 1 spoon makes 1 cup of 125ml coffee. Drink hot or cold in milk or water. Add sugar as per taste. (This coffee has no sugar, no milk powder, and no preservatives). Fine Texture, No Chicory, No Sugar, Keto",Beanly,,Coffee,"",true,Material,Italian,,,,,1624291561111,0.0,shopify,86,deny,manual,450.00,500.00,true,true,"",https://cdn.shopify.com/s/files/1/0700/3193/3753/products/1_add35b5a-3e6e-42c1-9b2c-15249bda5726.png?v=1672644682,1,,false,,,,,,,,,,,,,,https://cdn.shopify.com/s/files/1/0700/3193/3753/products/1_add35b5a-3e6e-42c1-9b2c-15249bda5726.png?v=1672644682,kg,,,true,true,,,true,,,true,,,true,,,true,,,active
organic-italian-roast-ground-coffee,,,,,,,,,Medium,,,,,1624291561112,0.0,shopify,70,deny,manual,475.00,500.00,true,true,"",https://cdn.shopify.com/s/files/1/0700/3193/3753/products/2_40e4351b-0b5e-464c-8a0d-3e973a2b4a23.png?v=1672644682,2,,,,,,,,,,,,,,,,https://cdn.shopify.com/s/files/1/0700/3193/3753/products/2_40e4351b-0b5e-464c-8a0d-3e973a2b4a23.png?v=1672644682,kg,,,,,,,,,,,,,,,,,,,
organic-italian-roast-ground-coffee,,,,,,,,,Ethiopian,,,,,1624291561113,0.0,shopify,56,deny,manual,357.00,500.00,true,true,"",https://cdn.shopify.com/s/files/1/0700/3193/3753/products/3_b431b221-d81a-48ce-98fa-35f385797f74.png?v=1672644682,3,,,,,,,,,,,,,,,,https://cdn.shopify.com/s/files/1/0700/3193/3753/products/3_b431b221-d81a-48ce-98fa-35f385797f74.png?v=1672644682,kg,,,,,,,,,,,,,,,,,,,
organic-italian-roast-ground-coffee,,,,,,,,,,,,,,,,,,,,,,,,,https://cdn.shopify.com/s/files/1/0700/3193/3753/products/Ethiopian_BACK-removebg-preview.png?v=1672644682,4,,,,,,,,,,,,,,,,,,,,,,,,,,,,,,,,,,,,
organic-italian-roast-ground-coffee,,,,,,,,,,,,,,,,,,,,,,,,,https://cdn.shopify.com/s/files/1/0700/3193/3753/products/Medium_BACK-removebg-preview.png?v=1672644683,5,,,,,,,,,,,,,,,,,,,,,,,,,,,,,,,,,,,,
organic-italian-roast-ground-coffee,,,,,,,,,,,,,,,,,,,,,,,,,https://cdn.shopify.com/s/files/1/0700/3193/3753/products/Italian_BACK-removebg-preview.png?v=1672644683,6,,,,,,,,,,,,,,,,,,,,,,,,,,,,,,,,,,,,
professional-coffee-maker,Professional coffee Maker,"Boiler with transversal exchanger Dia.50 mm 12 L. Water mains connection with 3/8 G connection nipple. 6 key push-button panel. Display showing boiler temperature, date, time, and heating element working. Luminous indicators that indicate: Machine on “ minimum boiler level“ heating element working.",Budan,,Machine,"",true,Color,Red,,,,,1624291561121,0.0,shopify,45,deny,manual,690.00,700.00,true,true,"",https://cdn.shopify.com/s/files/1/0700/3193/3753/products/1835_qm-66_semi-1024x802-removebg-preview.png?v=1672655032,1,,false,,,,,,,,,,,,,,https://cdn.shopify.com/s/files/1/0700/3193/3753/products/1835_qm-66_semi-1024x802-removebg-preview.png?v=1672655032,kg,,,true,true,,,true,,,true,,,true,,,true,,,active
professional-coffee-maker,,,,,,,,,white,,,,,1624291561122,0.0,shopify,0,deny,manual,645.00,700.00,true,true,"",https://cdn.shopify.com/s/files/1/0700/3193/3753/products/1839_qm_66_de-1024x802-removebg-preview.png?v=1672655032,2,,,,,,,,,,,,,,,,https://cdn.shopify.com/s/files/1/0700/3193/3753/products/1839_qm_66_de-1024x802-removebg-preview.png?v=1672655032,kg,,,,,,,,,,,,,,,,,,,
quick-mill-apollo-evo-grinder,Quick Mill Apollo Evo grinder,"Built-in adjustable grind selector you have precision control over the coarseness of your Pour Over, Drip, Chemex, Cold Brew, French Press, Percolator, AeroPress, Turkish, Espresso, Keurig K Cup, Herb, or Spice grind.",Bean,,Accessories,"",true,Size,9.6 Ounces,,,,,1624291561124,0.0,shopify,0,deny,manual,560.00,,true,true,"",https://cdn.shopify.com/s/files/1/0700/3193/3753/products/1809_060_evo-603x1024-removebg-preview.png?v=1672652588,1,,false,,,,,,,,,,,,,,https://cdn.shopify.com/s/files/1/0700/3193/3753/products/1809_060_evo-603x1024-removebg-preview.png?v=1672652588,kg,,,true,true,,,true,,,true,,,true,,,true,,,active
quick-mill-apollo-evo-grinder,,,,,,,,,,,,,,,,,,,,,,,,,https://cdn.shopify.com/s/files/1/0700/3193/3753/products/1810_060_evopid-removebg-preview.png?v=1672652588,2,,,,,,,,,,,,,,,,,,,,,,,,,,,,,,,,,,,,
quick-mill-apollo-evo-grinder,,,,,,,,,,,,,,,,,,,,,,,,,https://cdn.shopify.com/s/files/1/0700/3193/3753/products/codice_432_img_8169_big-682x1024-removebg-preview.png?v=1672652588,3,,,,,,,,,,,,,,,,,,,,,,,,,,,,,,,,,,,,
quick-mill-stretta,Quick Mill Stretta,"PID delivers water at precisely the right temperature, ensuring optimal espresso extraction. The steam wand performs at the level that allows you to hand texture micro-foam milk that enhances flavor and enables the creation of latte art.",Budan,,Machine,"",true,Color,White,,,,,1624291561167,0.0,shopify,86,deny,manual,456.00,520.00,true,true,"",https://cdn.shopify.com/s/files/1/0700/3193/3753/products/1_2060daa3-7976-44ac-972e-d2a7f9b2dc65.png?v=1672653867,1,,false,,,,,,,,,,,,,,https://cdn.shopify.com/s/files/1/0700/3193/3753/products/1_2060daa3-7976-44ac-972e-d2a7f9b2dc65.png?v=1672653867,kg,,,true,true,,,true,,,true,,,true,,,true,,,active
quick-mill-stretta,,,,,,,,,Black,,,,,1624291561168,0.0,shopify,0,deny,manual,456.00,520.00,true,true,"",https://cdn.shopify.com/s/files/1/0700/3193/3753/products/4_cf2407bb-a3fa-4b73-9614-e7c69a579ff4.png?v=1672653867,2,,,,,,,,,,,,,,,,https://cdn.shopify.com/s/files/1/0700/3193/3753/products/4_cf2407bb-a3fa-4b73-9614-e7c69a579ff4.png?v=1672653867,kg,,,,,,,,,,,,,,,,,,,
quick-mill-stretta,,,,,,,,,,,,,,,,,,,,,,,,,https://cdn.shopify.com/s/files/1/0700/3193/3753/products/2_de454acf-cdf4-4fc0-949f-5419258ef493.png?v=1672653867,3,,,,,,,,,,,,,,,,,,,,,,,,,,,,,,,,,,,,
quick-mill-stretta,,,,,,,,,,,,,,,,,,,,,,,,,https://cdn.shopify.com/s/files/1/0700/3193/3753/products/7TLr5ksl-removebg-preview_1.png?v=1672653867,4,,,,,,,,,,,,,,,,,,,,,,,,,,,,,,,,,,,,
quick-mill-stretta,,,,,,,,,,,,,,,,,,,,,,,,,https://cdn.shopify.com/s/files/1/0700/3193/3753/products/82jcks0T-460x460-removebg-preview.png?v=1672653867,5,,,,,,,,,,,,,,,,,,,,,,,,,,,,,,,,,,,,
quick-mill-stretta,,,,,,,,,,,,,,,,,,,,,,,,,https://cdn.shopify.com/s/files/1/0700/3193/3753/products/3_b5e732db-9301-43c0-842a-51649141190d.png?v=1672653867,6,,,,,,,,,,,,,,,,,,,,,,,,,,,,,,,,,,,,
rage-coffee-blend,Rage Coffee Blend,"Instantly craft a cup of coffee. Simply add 1 to 3 teaspoons of Liquid Coffee to hot/cold milk/water and make your favorite drink. Stronger Smoother, 10x More Concentrated, No Bitterness Guaranteed, 150mg Caffeine per 15ml serving size. Small batch roasted hand-crafted to perfection.",RAGE,,Coffee,"",true,Material,OG Blend,,,,,1624291561156,0.0,shopify,78,deny,manual,352.00,400.00,true,true,"",https://cdn.shopify.com/s/files/1/0700/3193/3753/products/1_92c03663-844a-453b-8ddf-d9f371256c19.png?v=1672644683,1,,false,,,,,,,,,,,,,,https://cdn.shopify.com/s/files/1/0700/3193/3753/products/1_92c03663-844a-453b-8ddf-d9f371256c19.png?v=1672644683,kg,,,true,true,,,true,,,true,,,true,,,true,,,active
rage-coffee-blend,,,,,,,,,Rise Blend,,,,,1624291561157,0.0,shopify,86,deny,manual,300.00,400.00,true,true,"",https://cdn.shopify.com/s/files/1/0700/3193/3753/products/3_52f206b9-9944-4bb0-aed1-699068801d4d.png?v=1672644683,2,,,,,,,,,,,,,,,,https://cdn.shopify.com/s/files/1/0700/3193/3753/products/3_52f206b9-9944-4bb0-aed1-699068801d4d.png?v=1672644683,kg,,,,,,,,,,,,,,,,,,,
rage-coffee-blend,,,,,,,,,Soul Blend,,,,,1624291561158,0.0,shopify,63,deny,manual,302.00,400.00,true,true,"",https://cdn.shopify.com/s/files/1/0700/3193/3753/products/4_83728472-422a-4827-af36-27db7ef71b06.png?v=1672644683,3,,,,,,,,,,,,,,,,https://cdn.shopify.com/s/files/1/0700/3193/3753/products/4_83728472-422a-4827-af36-27db7ef71b06.png?v=1672644683,kg,,,,,,,,,,,,,,,,,,,
rage-coffee-blend,,,,,,,,,Vita Blend,,,,,1624291561160,0.0,shopify,42,deny,manual,375.00,400.00,true,true,"",https://cdn.shopify.com/s/files/1/0700/3193/3753/products/5_3eaf712d-83d4-46b0-86a5-8a48bb505355.png?v=1672644683,4,,,,,,,,,,,,,,,,https://cdn.shopify.com/s/files/1/0700/3193/3753/products/5_3eaf712d-83d4-46b0-86a5-8a48bb505355.png?v=1672644683,kg,,,,,,,,,,,,,,,,,,,
rage-coffee-blend,,,,,,,,,,,,,,,,,,,,,,,,,https://cdn.shopify.com/s/files/1/0700/3193/3753/products/ogback_1_1024x1024-removebg-preview.png?v=1672644683,5,,,,,,,,,,,,,,,,,,,,,,,,,,,,,,,,,,,,
set-of-6-large-16-ounce-ceramic-coffee-mugs,Set of 6 Large 16 Ounce Ceramic Coffee Mugs,"Rohshi Lane started with a vision to bring all kind of home décor products especially ceramic products with many exclusive &amp; beautiful designs recommended by our designers across India.
The Handle is designed so that will give you a perfect grip while holding your beverage, so you can enjoy your drink with your loved ones.",Generic,,Mugs,"",true,Color,Black,,,,,1624291561178,0.0,shopify,36,deny,manual,426.00,500.00,true,true,"",https://cdn.shopify.com/s/files/1/0700/3193/3753/products/4_964dadef-68d6-4066-b5a3-54c550f3969b.png?v=1672656139,1,,false,,,,,,,,,,,,,,https://cdn.shopify.com/s/files/1/0700/3193/3753/products/4_964dadef-68d6-4066-b5a3-54c550f3969b.png?v=1672656139,kg,,,true,true,,,true,,,true,,,true,,,true,,,active
set-of-6-large-16-ounce-ceramic-coffee-mugs,,,,,,,,,Blue,,,,,1624291561179,0.0,shopify,0,deny,manual,426.00,500.00,true,true,"",https://cdn.shopify.com/s/files/1/0700/3193/3753/products/3_a4278b8b-7879-4f24-a4b6-74709d64edbb.png?v=1672656139,2,,,,,,,,,,,,,,,,https://cdn.shopify.com/s/files/1/0700/3193/3753/products/3_a4278b8b-7879-4f24-a4b6-74709d64edbb.png?v=1672656139,kg,,,,,,,,,,,,,,,,,,,
set-of-6-large-16-ounce-ceramic-coffee-mugs,,,,,,,,,,,,,,,,,,,,,,,,,https://cdn.shopify.com/s/files/1/0700/3193/3753/products/1_8a13b3ab-77ed-4f3a-9d9e-a10c3372b9b8.png?v=1672656139,3,,,,,,,,,,,,,,,,,,,,,,,,,,,,,,,,,,,,
set-of-6-large-16-ounce-ceramic-coffee-mugs,,,,,,,,,,,,,,,,,,,,,,,,,https://cdn.shopify.com/s/files/1/0700/3193/3753/products/5_5c779ca5-1421-4ac3-af4f-a4a9e0103061.png?v=1672656140,4,,,,,,,,,,,,,,,,,,,,,,,,,,,,,,,,,,,,
set-of-6-large-16-ounce-ceramic-coffee-mugs,,,,,,,,,,,,,,,,,,,,,,,,,https://cdn.shopify.com/s/files/1/0700/3193/3753/products/2_9aeb872d-b44a-4b27-9521-d3e4af7bab3e.png?v=1672656140,5,,,,,,,,,,,,,,,,,,,,,,,,,,,,,,,,,,,,
stainless-steel-double-wall-coffee-tea,Stainless Steel Double Wall Coffee Tea,"KC Stainless Steel Double walled Coffee MUG Set of 2
Capacity: 250 ML Each MUG. High quality materials: unbreakable stainless steel interior and exterior, food-grade, hygienic, 100% Stainless Steel. An attractive, modern appearance and a compact, lightweight design that takes up minimal space while maximizing capacity.",KC,,Mugs,"",true,Material,Steel,,,,,1624291561179,0.0,shopify,0,deny,manual,156.00,,true,true,"",https://cdn.shopify.com/s/files/1/0700/3193/3753/products/51-e7zqG0fL._SL1024_-removebg-preview.png?v=1672656539,1,,false,,,,,,,,,,,,,,,kg,,,true,true,,,true,,,true,,,true,,,true,,,active
stainless-steel-double-wall-coffee-tea,,,,,,,,,,,,,,,,,,,,,,,,,https://cdn.shopify.com/s/files/1/0700/3193/3753/products/51e7Rmk6vSL._SL1308_-removebg-preview.png?v=1672656540,2,,,,,,,,,,,,,,,,,,,,,,,,,,,,,,,,,,,,
stainless-steel-double-wall-coffee-tea,,,,,,,,,,,,,,,,,,,,,,,,,https://cdn.shopify.com/s/files/1/0700/3193/3753/products/51IOjSIOfAL._SL1024_-removebg-preview.png?v=1672656540,3,,,,,,,,,,,,,,,,,,,,,,,,,,,,,,,,,,,,
stainless-steel-double-walled-tea-coffee-mug,Stainless Steel Double Walled Tea  Coffee Mug,"KC Stainless Steel Double walled Coffee MUG Set of 2
Capacity: 250 ML Each MUG. High quality materials: unbreakable stainless steel interior and exterior, food-grade, hygienic, 100% Stainless Steel. An attractive, modern appearance and a compact, lightweight design that takes up minimal space while maximizing capacity.",KC,,Mugs,"",true,Style,2 Cups,,,,,1624291561145,0.0,shopify,63,deny,manual,365.00,400.00,true,true,"",https://cdn.shopify.com/s/files/1/0700/3193/3753/products/51y7S36IkiL._SL1000_-removebg-preview.png?v=1672656439,1,,false,,,,,,,,,,,,,,https://cdn.shopify.com/s/files/1/0700/3193/3753/products/51y7S36IkiL._SL1000_-removebg-preview.png?v=1672656439,kg,,,true,true,,,true,,,true,,,true,,,true,,,active
stainless-steel-double-walled-tea-coffee-mug,,,,,,,,,1 Cup,,,,,1624291561146,0.0,shopify,89,deny,manual,180.00,400.00,true,true,"",https://cdn.shopify.com/s/files/1/0700/3193/3753/products/61AuMrtLbhL._SL1500_-removebg-preview.png?v=1672656439,2,,,,,,,,,,,,,,,,https://cdn.shopify.com/s/files/1/0700/3193/3753/products/61gg2Jsr75L._SL1500_-removebg-preview.png?v=1672656439,kg,,,,,,,,,,,,,,,,,,,
stainless-steel-double-walled-tea-coffee-mug,,,,,,,,,,,,,,,,,,,,,,,,,https://cdn.shopify.com/s/files/1/0700/3193/3753/products/61gg2Jsr75L._SL1500_-removebg-preview.png?v=1672656439,3,,,,,,,,,,,,,,,,,,,,,,,,,,,,,,,,,,,,
stainless-steel-double-walled-tea-coffee-mug,,,,,,,,,,,,,,,,,,,,,,,,,https://cdn.shopify.com/s/files/1/0700/3193/3753/products/71amUHVpbgL._SL1500_-removebg-preview.png?v=1672656439,4,,,,,,,,,,,,,,,,,,,,,,,,,,,,,,,,,,,,
stainless-steel-double-walled-tea-coffee-mug,,,,,,,,,,,,,,,,,,,,,,,,,https://cdn.shopify.com/s/files/1/0700/3193/3753/products/618RKl2Dk5L._SL1500_-removebg-preview.png?v=1672656439,5,,,,,,,,,,,,,,,,,,,,,,,,,,,,,,,,,,,,
sustainable-coffee-mugs,Sustainable Coffee Mugs,"The coffee mug set Modern includes a great coffee mug in different colors. The coffee mugs are thanks to the ideal size of 330ml best suited for your favorite hot drink whether tea, coffee, cocoa, cappuccino, or latte macchiato.",Benki,,Tools,"",true,Material,Ceramic,,,,,1624291561135,0.0,shopify,31,deny,manual,120.00,230.00,true,true,"",https://cdn.shopify.com/s/files/1/0700/3193/3753/products/1_5740b88a-8e09-4f00-bc2a-9682155f535f.png?v=1672642875,1,,false,,,,,,,,,,,,,,https://cdn.shopify.com/s/files/1/0700/3193/3753/products/1_5740b88a-8e09-4f00-bc2a-9682155f535f.png?v=1672642875,kg,,,true,true,,,true,,,true,,,true,,,true,,,active
sustainable-coffee-mugs,,,,,,,,,Steel,,,,,1624291561136,0.0,shopify,40,deny,manual,180.00,230.00,true,true,"",https://cdn.shopify.com/s/files/1/0700/3193/3753/products/wacaco-pipamoka_600x-removebg-preview.png?v=1672642875,2,,,,,,,,,,,,,,,,https://cdn.shopify.com/s/files/1/0700/3193/3753/products/wacaco-pipamoka_600x-removebg-preview.png?v=1672642875,kg,,,,,,,,,,,,,,,,,,,
sustainable-coffee-mugs,,,,,,,,,,,,,,,,,,,,,,,,,https://cdn.shopify.com/s/files/1/0700/3193/3753/products/4_b1c16fe2-974f-44f3-8d90-732b0b890499.png?v=1672642875,3,,,,,,,,,,,,,,,,,,,,,,,,,,,,,,,,,,,,
sustainable-coffee-mugs,,,,,,,,,,,,,,,,,,,,,,,,,https://cdn.shopify.com/s/files/1/0700/3193/3753/products/KM_P1489ED_600x-removebg-preview.png?v=1672642875,4,,,,,,,,,,,,,,,,,,,,,,,,,,,,,,,,,,,,
unibody-aluminum-tamper,Unibody Aluminum Tamper,"Aluminum is the material of choice for many designers because it works well in such a wide range of applications. You can customize your aluminum extrusions by incorporating different alloys, surface treatments, and coatings to suit your project’s needs.",Benki,,Tools,"",true,Size,6 cm x 6 cm x 8 cm,,,,,1624291561187,0.0,shopify,65,deny,manual,450.00,500.00,true,true,"",https://cdn.shopify.com/s/files/1/0700/3193/3753/products/6_91178e59-0b8e-424e-be0e-ea01c815c075.png?v=1672643109,1,,false,,,,,,,,,,,,,,https://cdn.shopify.com/s/files/1/0700/3193/3753/products/6_91178e59-0b8e-424e-be0e-ea01c815c075.png?v=1672643109,kg,,,true,true,,,true,,,true,,,true,,,true,,,active
unibody-aluminum-tamper,,,,,,,,,5 cm x 5 cm x 8 cm,,,,,1624291561188,0.0,shopify,72,deny,manual,400.00,500.00,true,true,"",https://cdn.shopify.com/s/files/1/0700/3193/3753/products/2_c29ac66a-63f5-48db-85e7-cbff867e5580.png?v=1672643109,2,,,,,,,,,,,,,,,,https://cdn.shopify.com/s/files/1/0700/3193/3753/products/2_c29ac66a-63f5-48db-85e7-cbff867e5580.png?v=1672643109,kg,,,,,,,,,,,,,,,,,,,
unibody-aluminum-tamper,,,,,,,,,,,,,,,,,,,,,,,,,https://cdn.shopify.com/s/files/1/0700/3193/3753/products/1_ccf168d5-acec-429d-80b6-b1c3084a0a7d.png?v=1672643110,3,,,,,,,,,,,,,,,,,,,,,,,,,,,,,,,,,,,,
unibody-aluminum-tamper,,,,,,,,,,,,,,,,,,,,,,,,,https://cdn.shopify.com/s/files/1/0700/3193/3753/products/4_78d1b996-12fe-4d32-91a4-01264d301755.png?v=1672643110,4,,,,,,,,,,,,,,,,,,,,,,,,,,,,,,,,,,,,
unibody-aluminum-tamper,,,,,,,,,,,,,,,,,,,,,,,,,https://cdn.shopify.com/s/files/1/0700/3193/3753/products/3_c204be58-e9e7-472b-9653-1069e14a8b0b.png?v=1672643110,5,,,,,,,,,,,,,,,,,,,,,,,,,,,,,,,,,,,,
veken-coffee-canister,Veken Coffee Canister,"Allow food to stay fresh longer v, safe, and convenient for packaging. With a lid to keep moisture away from the food inside the bean canister. The food storage jar bean canister is good for storing dry food and can be used as a coffee jar, tea storage canister, sugar jar, salt and pepper container, candy jar, and more.",Bean,,Accessories,"",true,Color,Black,,,,,1624291561131,0.0,shopify,56,deny,manual,653.00,700.00,true,true,"",https://cdn.shopify.com/s/files/1/0700/3193/3753/products/1_bd1fca3c-b7f3-4ebc-8386-c65f7260c995.png?v=1672652920,1,,false,,,,,,,,,,,,,,https://cdn.shopify.com/s/files/1/0700/3193/3753/products/1_bd1fca3c-b7f3-4ebc-8386-c65f7260c995.png?v=1672652920,kg,,,true,true,,,true,,,true,,,true,,,true,,,active
veken-coffee-canister,,,,,,,,,Grey,,,,,1624291561132,0.0,shopify,96,deny,manual,623.00,700.00,true,true,"",https://cdn.shopify.com/s/files/1/0700/3193/3753/products/2_100b9c48-2b9b-4f5a-ab3b-ccb61a0a8413.png?v=1672652920,2,,,,,,,,,,,,,,,,https://cdn.shopify.com/s/files/1/0700/3193/3753/products/2_100b9c48-2b9b-4f5a-ab3b-ccb61a0a8413.png?v=1672652920,kg,,,,,,,,,,,,,,,,,,,
veken-coffee-canister,,,,,,,,,White,,,,,1624291561133,0.0,shopify,63,deny,manual,603.00,700.00,true,true,"",https://cdn.shopify.com/s/files/1/0700/3193/3753/products/3_16af02cf-d054-4b48-a8bd-d5eb2a3ce305.png?v=1672652920,3,,,,,,,,,,,,,,,,https://cdn.shopify.com/s/files/1/0700/3193/3753/products/3_16af02cf-d054-4b48-a8bd-d5eb2a3ce305.png?v=1672652920,kg,,,,,,,,,,,,,,,,,,,
veken-coffee-canister,,,,,,,,,Brown,,,,,1624291561134,0.0,shopify,30,deny,manual,635.00,700.00,true,true,"",https://cdn.shopify.com/s/files/1/0700/3193/3753/products/4_ab0bf2d2-18be-4883-a5ee-17b8682e5802.png?v=1672652920,4,,,,,,,,,,,,,,,,https://cdn.shopify.com/s/files/1/0700/3193/3753/products/4_ab0bf2d2-18be-4883-a5ee-17b8682e5802.png?v=1672652920,kg,,,,,,,,,,,,,,,,,,,
vietnamese-coffee-maker,Vietnamese Coffee Maker,"INSTRUCTIONS: Remove the drop pot, remove the pressure plate, add the coffee powder, shake the coffee powder, cover the pressure plate, drop the pot on the cup, and then to a little water can be.",Benki,,Tools,"",true,Size,1 Cups,,,,,1624291561142,0.0,shopify,0,deny,manual,200.00,,true,true,"",https://cdn.shopify.com/s/files/1/0700/3193/3753/products/1_fb22512b-1233-41e2-b785-3d2608dde9ad.png?v=1672643401,1,,false,,,,,,,,,,,,,,https://cdn.shopify.com/s/files/1/0700/3193/3753/products/1_fb22512b-1233-41e2-b785-3d2608dde9ad.png?v=1672643401,kg,,,true,true,,,true,,,true,,,true,,,true,,,active
vietnamese-coffee-maker,,,,,,,,,,,,,,,,,,,,,,,,,https://cdn.shopify.com/s/files/1/0700/3193/3753/products/2_d1855486-1e48-4d36-bbac-789e75d7de0a.png?v=1672643402,2,,,,,,,,,,,,,,,,,,,,,,,,,,,,,,,,,,,,
vietnamese-coffee-maker,,,,,,,,,,,,,,,,,,,,,,,,,https://cdn.shopify.com/s/files/1/0700/3193/3753/products/3_ff6d05e8-0d73-4ff5-9398-3a79aba0d3b3.png?v=1672643402,3,,,,,,,,,,,,,,,,,,,,,,,,,,,,,,,,,,,,
vietnamese-coffee-maker,,,,,,,,,,,,,,,,,,,,,,,,,https://cdn.shopify.com/s/files/1/0700/3193/3753/products/4_56123011-4359-4e98-b821-a16530937f17.png?v=1672643402,4,,,,,,,,,,,,,,,,,,,,,,,,,,,,,,,,,,,,
